title,url,points,comments,author,time
"'Oppenheimer' wins the Best Picture Oscar at 96th Academy Awards, totaling 7 wins",https://old.reddit.com/r/movies/comments/1bbs6zf/oppenheimer_wins_the_best_picture_oscar_at_96th/,"28,305 points","2,484 comments",ICumCoffee,2024-03-11T02:21:08+00:00
"Wins for ""Oppenheimer"" and ""Godzilla Minus One"" mean this is the first time a movie and it's sequel both won Oscars the same year.",https://old.reddit.com/r/shittymoviedetails/comments/1bc7d95/wins_for_oppenheimer_and_godzilla_minus_one_mean/,"19,683 points",147 comments,Penguin-Monk,2024-03-11T16:30:26+00:00
"Christopher Nolan Made $85M From ‚ÄòOppenheimer‚Äô, the Total Will Continue to Rise as the Film Gets Sold to Streamers & Is Licensed for Years to Come",https://old.reddit.com/r/movies/comments/1b9t7qk/christopher_nolan_made_85m_from_oppenheimer_the/,"13,966 points",969 comments,DamnThatsInsaneLol,2024-03-08T17:06:20+00:00
"Disney CEO Comments on Marvel Fatigue: ""They Want Great Films""",https://old.reddit.com/r/comicbookmovies/comments/1b7xbtg/disney_ceo_comments_on_marvel_fatigue_they_want/,"8,194 points",892 comments,Ek_Tha_Clarku,2024-03-06T11:22:44+00:00
They're both great movies,https://old.reddit.com/r/dankmemes/comments/1bch6u0/theyre_both_great_movies/,"7,161 points",100 comments,benrjensen,2024-03-11T22:55:58+00:00
That was mean even by my standards...,https://old.reddit.com/r/Gamingcirclejerk/comments/1bck076/that_was_mean_even_by_my_standards/,"6,598 points",574 comments,SuperScrub310,2024-03-12T00:55:26+00:00
Cillian Murphy's childhood school in Cork celebrating his Academy Award for 'Oppenheimer' as he became the first Irish-born actor to win an Oscar for Best Actor,https://old.reddit.com/r/MadeMeSmile/comments/1bcthde/cillian_murphys_childhood_school_in_cork/,"6,179 points",78 comments,ChiefLeef22,2024-03-12T09:56:21+00:00
196,https://old.reddit.com/r/196/comments/1bcdkvt/196/,"5,023 points",44 comments,d_-_p,2024-03-11T20:35:00+00:00
Tommy Shelby has conquered Hollywood,https://old.reddit.com/r/PeakyBlinders/comments/1bbs25n/tommy_shelby_has_conquered_hollywood/,"4,326 points",107 comments,martialgreenwood,2024-03-11T02:14:27+00:00
Oppenheimer is a prequel (Credit to u/Penguin-Monk),https://old.reddit.com/r/technicallythetruth/comments/1bcad01/oppenheimer_is_a_prequel_credit_to_upenguinmonk/,"4,150 points",30 comments,missinglinksman,2024-03-11T18:30:08+00:00
Oppenheimer is the biggest box office bomb to win the Academy Award for Best Picture,https://old.reddit.com/r/shittymoviedetails/comments/1bcn42i/oppenheimer_is_the_biggest_box_office_bomb_to_win/,"4,035 points",36 comments,ItsameMatt03,2024-03-12T03:19:28+00:00
I am down to learn about All History in the US. My skin got nothing to do with it.,https://old.reddit.com/r/BlackPeopleTwitter/comments/1bcxpp6/i_am_down_to_learn_about_all_history_in_the_us_my/,"3,088 points",586 comments,abdul_bino,2024-03-12T13:50:14+00:00
The logic checks out.,https://old.reddit.com/r/WhitePeopleTwitter/comments/1bckrtv/the_logic_checks_out/,"3,076 points",67 comments,EmptySpaceForAHeart,2024-03-12T01:30:18+00:00
Official Oscars Thread 2024,https://old.reddit.com/r/movies/comments/1bbnmpg/official_oscars_thread_2024/,"2,709 points","16,279 comments",LiteraryBoner,2024-03-10T22:51:23+00:00
‚ÄúThe Gods and pain will make us men‚Äù,https://old.reddit.com/r/HistoryMemes/comments/1b857wm/the_gods_and_pain_will_make_us_men/,"2,691 points",53 comments,anisism,2024-03-06T17:14:30+00:00
Barbenheimer,https://old.reddit.com/r/CuratedTumblr/comments/1b90wu4/barbenheimer/,"2,689 points",13 comments,MelanieWalmartinez,2024-03-07T17:52:44+00:00
Nolan finally wins his first Oscar!,https://old.reddit.com/r/interstellar/comments/1bbudzh/nolan_finally_wins_his_first_oscar/,"2,554 points",116 comments,comeontars69,2024-03-11T04:09:10+00:00
"Oscars: Christopher Nolan‚Äôs 'Oppenheimer' Leads With 7, Including Best Picture And Director; Cillian Murphy, Emma Stone, Robert Downey Jr., Da'Vine Joy Randolph Win Acting Awards; 'Anatomy Of A Fall,' 'American Fiction' Win Screenplay Awards; 'The Boy And The Heron' Wins Best Animated Feature",https://old.reddit.com/r/boxoffice/comments/1bbs6pd/oscars_christopher_nolans_oppenheimer_leads_with/,"2,287 points",538 comments,chanma50,2024-03-11T02:20:47+00:00
Oppenheimer era is officially over,https://old.reddit.com/r/OppenheimerMovie/comments/1bc1bht/oppenheimer_era_is_officially_over/,"2,055 points",90 comments,doljikgu,2024-03-11T11:50:14+00:00
'Oppenheimer' Wins Academy Award for Best Picture,https://old.reddit.com/r/OppenheimerMovie/comments/1bbs6rb/oppenheimer_wins_academy_award_for_best_picture/,"2,048 points",109 comments,MarvelsGrantMan136,2024-03-11T02:20:51+00:00
My teacher asked me if I had Cillian Murphy Oppenheimer on my book,https://old.reddit.com/r/jerma985/comments/1bd0f0u/my_teacher_asked_me_if_i_had_cillian_murphy/,"1,980 points",25 comments,MozzCaboom,2024-03-12T15:45:54+00:00
THE 96TH ACADEMY AWARDS,https://old.reddit.com/r/oscarrace/comments/1bbnoh7/the_96th_academy_awards/,"1,846 points","8,014 comments",sbb618,2024-03-10T22:53:24+00:00
The downfall (2004) has begun.,https://old.reddit.com/r/moviescirclejerk/comments/1bc2dcs/the_downfall_2004_has_begun/,"1,810 points",174 comments,redditnoobienoob,2024-03-11T12:48:08+00:00
Damn this really was interesting as fuck!!!,https://old.reddit.com/r/okbuddycinephile/comments/1bc52hy/damn_this_really_was_interesting_as_fuck/,"1,746 points",69 comments,twentyeightblue,2024-03-11T14:54:10+00:00
"The best part of Elon Musk is that he's dumb, but somehow his followers are every person dumber than he is.",https://old.reddit.com/r/EnoughMuskSpam/comments/1bcjco0/the_best_part_of_elon_musk_is_that_hes_dumb_but/,"1,662 points",123 comments,GadnukBreakerOfWrlds,2024-03-12T00:25:43+00:00
Why the Zone of Interest is a more important Second World War film than Oppenheimer,https://old.reddit.com/r/A24/comments/1bc9egw/why_the_zone_of_interest_is_a_more_important/,"1,648 points",272 comments,TheTelegraph,2024-03-11T17:51:53+00:00
"‚ÄòOppenheimer‚Äô Is Now the Highest Grossing Best Picture Oscar Winner in 20 Years - For the first time since ‚ÄúLord of the Rings: Return of the King,‚Äù film‚Äôs top prize went to a film that grossed over $500 million at the box office",https://old.reddit.com/r/boxoffice/comments/1bbsg2u/oppenheimer_is_now_the_highest_grossing_best/,"1,617 points",222 comments,chanma50,2024-03-11T02:33:23+00:00
Oscar Viewerships Rises 4% As ‚ÄòOppenheimer‚Äô Dominated Ceremony Starts An Hour Earlier This Year,https://old.reddit.com/r/television/comments/1bci32m/oscar_viewerships_rises_4_as_oppenheimer/,"1,291 points",127 comments,KillerCroc1234567,2024-03-11T23:32:15+00:00
Cillian Murphy Wins Oscar for Best Actor for ‚ÄòOppenheimer‚Äô,https://old.reddit.com/r/entertainment/comments/1bbrs6q/cillian_murphy_wins_oscar_for_best_actor_for/,"1,271 points",37 comments,ICumCoffee,2024-03-11T02:01:01+00:00
Box Office/Budget of 2023 movies with at least $100 mil budget,https://old.reddit.com/r/boxoffice/comments/1bc40fx/box_officebudget_of_2023_movies_with_at_least_100/,"1,217 points",292 comments,Jack_KH,2024-03-11T14:06:44+00:00
Christopher Nolan Wins Best Director Oscar for ‚ÄòOppenheimer‚Äô,https://old.reddit.com/r/entertainment/comments/1bbrur8/christopher_nolan_wins_best_director_oscar_for/,"1,131 points",145 comments,mcfw31,2024-03-11T02:04:25+00:00
Robert Downey Jr. Wins the Oscar for Best Supporting Actor in 'Oppenheimer',https://old.reddit.com/r/OppenheimerMovie/comments/1bbq1ph/robert_downey_jr_wins_the_oscar_for_best/,"1,075 points",60 comments,MarvelsGrantMan136,2024-03-11T00:38:20+00:00
thoughts on Al Pacino‚Äôs announcing the best movie winner?,https://old.reddit.com/r/Letterboxd/comments/1bc4rmu/thoughts_on_al_pacinos_announcing_the_best_movie/,"1,069 points",291 comments,Puzzled-Bear-849,2024-03-11T14:40:48+00:00
/r/movies Oscars 2024: Official Post-Game Thread,https://old.reddit.com/r/movies/comments/1bbsbil/rmovies_oscars_2024_official_postgame_thread/,"1,029 points","2,917 comments",GetFreeCash,2024-03-11T02:27:20+00:00
Glitch shows Oppenheimer after watching the doom syndicate,https://old.reddit.com/r/megamindmemes/comments/1b86kj7/glitch_shows_oppenheimer_after_watching_the_doom/,918 points,12 comments,Illustrious_World_56,2024-03-06T18:05:22+00:00
"Cinephiles, what kind of incel are you? üòéüòé",https://old.reddit.com/r/okbuddycinephile/comments/1bbfiy9/cinephiles_what_kind_of_incel_are_you/,904 points,173 comments,COOL_BOY_010506,2024-03-10T17:17:43+00:00
Fake Criterion covers I made from my Oscars 2024 Poster Series,https://old.reddit.com/r/criterion/comments/1bd04sx/fake_criterion_covers_i_made_from_my_oscars_2024/,876 points,144 comments,edgarascensao,2024-03-12T15:34:18+00:00
"J. Robert Oppenheimer, aka ""father of the atomic bomb,"" was the first to predict mass of the heaviest neutron star, before it collapses into a black hole. (Credit: Gioele Muscolino)",https://old.reddit.com/r/spaceporn/comments/1bc0ptd/j_robert_oppenheimer_aka_father_of_the_atomic/,821 points,17 comments,Busy_Yesterday9455,2024-03-11T11:12:29+00:00
Cillian Murphy Wins Academy Award for Best Actor for 'Oppenheimer',https://old.reddit.com/r/OppenheimerMovie/comments/1bbrrio/cillian_murphy_wins_academy_award_for_best_actor/,815 points,45 comments,MarvelsGrantMan136,2024-03-11T02:00:14+00:00
Christopher Nolan wins Best Directing Oscar for ‚ÄòOppenheimer‚Äô,https://old.reddit.com/r/ChristopherNolan/comments/1bbrv2w/christopher_nolan_wins_best_directing_oscar_for/,816 points,57 comments,DemiFiendRSA,2024-03-11T02:04:51+00:00
Christopher Nolan‚Äôs Final ‚ÄòOppenheimer‚Äô Payday Close to $100 Million (EXCLUSIVE),https://old.reddit.com/r/boxoffice/comments/1bcxzth/christopher_nolans_final_oppenheimer_payday_close/,811 points,114 comments,Sonic_02,2024-03-12T14:02:51+00:00
Christopher Nolan‚Äôs Final ‚ÄòOppenheimer‚Äô Payday Close to $100 Million,https://old.reddit.com/r/OppenheimerMovie/comments/1bcy1mf/christopher_nolans_final_oppenheimer_payday_close/,802 points,73 comments,DemiFiendRSA,2024-03-12T14:05:02+00:00
Cillian Murphy brings his Oscar to catch up with ‚ÄòPeaky Blinders‚Äô co-star Sam Neill ‚ù§Ô∏è,https://old.reddit.com/r/popculturechat/comments/1bdcgfi/cillian_murphy_brings_his_oscar_to_catch_up_with/,811 points,31 comments,stars_doulikedem,2024-03-12T23:41:50+00:00
Oppenheimer saw the megamind sequel,https://old.reddit.com/r/NonPoliticalTwitter/comments/1b7zomk/oppenheimer_saw_the_megamind_sequel/,681 points,8 comments,Julian-1577,2024-03-06T13:28:10+00:00
Christopher Nolan‚Äôs Final ‚ÄòOppenheimer‚Äô Payday Close to $100 Million,https://old.reddit.com/r/entertainment/comments/1bcy1en/christopher_nolans_final_oppenheimer_payday_close/,674 points,72 comments,DemiFiendRSA,2024-03-12T14:04:46+00:00
And the winner is‚Ä¶ Oppenheimer,https://old.reddit.com/r/dankmemes/comments/1bbnssk/and_the_winner_is_oppenheimer/,664 points,22 comments,JohnnyTheBlazer,2024-03-10T22:58:26+00:00
In Oppenheimer (2023) Caller ID didn‚Äôt exist at the time and Oppenheimer would have no idea knowing it‚Äôs Jean calling because he‚Äôs a professor and works for the government so he HAS to answer all his calls or he would get fired.,https://old.reddit.com/r/shittymoviedetails/comments/1bbepgn/in_oppenheimer_2023_caller_id_didnt_exist_at_the/,654 points,9 comments,GooseGeese01,2024-03-10T16:43:15+00:00
Christopher Nolan is estimated to have earned $72M from ‚ÄòOPPENHEIMER‚Äô. Would be one of the biggest sums ever paid to a director,https://old.reddit.com/r/MovieLeaksAndRumors/comments/1ba1u7v/christopher_nolan_is_estimated_to_have_earned_72m/,613 points,32 comments,NotMeAgain999,2024-03-08T22:50:01+00:00
"Thank you, Oppenheimer. Also, congrats on winning the Oscar",https://old.reddit.com/r/dankmemes/comments/1bcwwfr/thank_you_oppenheimer_also_congrats_on_winning/,555 points,11 comments,Makoto_Kurume,2024-03-12T13:11:29+00:00
"Oppenheimer this, Barbie that, y‚Äôall are sleeping on the real kino that just won an oscar",https://old.reddit.com/r/moviescirclejerk/comments/1bbxkjs/oppenheimer_this_barbie_that_yall_are_sleeping_on/,543 points,9 comments,BennyMcbenn,2024-03-11T07:32:36+00:00
Killers of the Flower Moon shut-out at the Oscars,https://old.reddit.com/r/IndianCountry/comments/1bbszm0/killers_of_the_flower_moon_shutout_at_the_oscars/,536 points,65 comments,CommodoreBelmont,2024-03-11T02:59:20+00:00
Hayao Miyazaki wins an Oscar,https://old.reddit.com/r/goodanimemes/comments/1bbvs9l/hayao_miyazaki_wins_an_oscar/,523 points,26 comments,redredredder24,2024-03-11T05:29:45+00:00
Oscars time,https://old.reddit.com/r/raimimemes/comments/1bbhzid/oscars_time/,503 points,19 comments,AlexThe1Menace,2024-03-10T19:00:14+00:00
Oppenheimer is a giant?,https://old.reddit.com/r/GODZILLA/comments/1b8c58i/oppenheimer_is_a_giant/,494 points,28 comments,Temporary_Body_5435,2024-03-06T21:42:07+00:00
"Cillian Murphy wins Best Actor at the #Oscars for his role in Christopher Nolan's ""Oppenheimer.""",https://old.reddit.com/r/ChikaPH/comments/1bbssnm/cillian_murphy_wins_best_actor_at_the_oscars_for/,485 points,26 comments,Aphro07,2024-03-11T02:50:03+00:00
Oscar rule,https://old.reddit.com/r/196/comments/1bbxpj2/oscar_rule/,482 points,1 comment,Lexi_Shmuhlexi,2024-03-11T07:43:09+00:00
Ludwig G√∂ransson Wins Academy Award for Best Score for 'Oppenheimer',https://old.reddit.com/r/OppenheimerMovie/comments/1bbrcbg/ludwig_g√∂ransson_wins_academy_award_for_best/,454 points,22 comments,MarvelsGrantMan136,2024-03-11T01:39:58+00:00
The Oscar for best visual effects goes to...,https://old.reddit.com/r/memes/comments/1bcwxzm/the_oscar_for_best_visual_effects_goes_to/,459 points,7 comments,HugoPeabody,2024-03-12T13:13:33+00:00
Oppenheimer,https://old.reddit.com/r/IndianMemeTemplates/comments/1bct6ht/oppenheimer/,445 points,12 comments,Nox2-0,2024-03-12T09:36:00+00:00
"Hailey Beiber, Zo√´ Kravitz and more in Saint Laurent at the Vanity Fair x Saint Laurent Celebrate Oppenheimer Oscars Pre-Party in LA",https://old.reddit.com/r/whatthefrockk/comments/1badqpb/hailey_beiber_zo√´_kravitz_and_more_in_saint/,434 points,72 comments,mod_whatthefrockk,2024-03-09T09:17:43+00:00
as written,https://old.reddit.com/r/Letterboxd/comments/1bc7alz/as_written/,432 points,27 comments,ChiefLeef22,2024-03-11T16:27:32+00:00
"When Destiny Gives his fire and fury Dune take, he needs to actually give a reason and not just repeat ""Fuck this Shit.. fucking boring....this movie is shit"" for and hour like he's doing a Kai Cenat Impression.",https://old.reddit.com/r/Destiny/comments/1bcuh4f/when_destiny_gives_his_fire_and_fury_dune_take_he/,430 points,179 comments,JofreySkywalker,2024-03-12T10:59:43+00:00
"According to Forbes, Nolan make an estimated $72 million pre-tax from Oppenheimer, after paying fees to his agent and lawyer ($85 million gross). The total will continue to rise as the movie gets re-sold to streamers and is licensed for years to come.",https://old.reddit.com/r/boxoffice/comments/1b9lsnr/according_to_forbes_nolan_make_an_estimated_72/,423 points,84 comments,AGOTFAN,2024-03-08T11:34:02+00:00
From ‚ÄòIron Man‚Äô to gold man: Robert Downey Jr. (‚ÄòOppenheimer‚Äô) wins Oscar for Best Supporting Actor,https://old.reddit.com/r/entertainment/comments/1bbq6jq/from_iron_man_to_gold_man_robert_downey_jr/,422 points,26 comments,Gone_Mads,2024-03-11T00:44:35+00:00
Joey Tribbiani's salute to the 2024 Academy Awards.,https://old.reddit.com/r/howyoudoin/comments/1baugj3/joey_tribbianis_salute_to_the_2024_academy_awards/,410 points,23 comments,shaka_sulu,2024-03-09T22:42:51+00:00
Oppenheimer (2023),https://old.reddit.com/r/CineShots/comments/1bc31c3/oppenheimer_2023/,396 points,15 comments,Sparshhardik,2024-03-11T13:21:38+00:00
Oppenheimer wasn't good,https://old.reddit.com/r/redscarepod/comments/1bc30ly/oppenheimer_wasnt_good/,391 points,303 comments,SpareSilver,2024-03-11T13:20:36+00:00
OPPENHEIMER.,https://old.reddit.com/r/filmes/comments/1bc51s9/oppenheimer/,378 points,91 comments,Top_Calligrapher_173,2024-03-11T14:53:17+00:00
"Sieben Awards insgesamt: ""Oppenheimer"" gewinnt Oscar als ""Bester Film""",https://old.reddit.com/r/de/comments/1bbsbgb/sieben_awards_insgesamt_oppenheimer_gewinnt_oscar/,360 points,161 comments,MrSarnisch,2024-03-11T02:27:15+00:00
Hoyte van Hoytema wins Best Cinematography Oscar for ‚ÄòOppenheimer‚Äô,https://old.reddit.com/r/OppenheimerMovie/comments/1bbqtrq/hoyte_van_hoytema_wins_best_cinematography_oscar/,349 points,11 comments,DemiFiendRSA,2024-03-11T01:15:07+00:00
Rejoice! 'Oppenheimer' became the first Best Picture Oscar winner to be shot with 15/70mm IMAX cameras!,https://old.reddit.com/r/imax/comments/1bbsqw9/rejoice_oppenheimer_became_the_first_best_picture/,337 points,35 comments,Block-Busted,2024-03-11T02:47:41+00:00
"It's a great time to be a geek, Dune 2 had the best second box office week since Barbie/Oppenheimer",https://old.reddit.com/r/geek/comments/1bc4pgu/its_a_great_time_to_be_a_geek_dune_2_had_the_best/,332 points,33 comments,NikKnack,2024-03-11T14:38:06+00:00
Cillian Murphy presented the Oscar for Best Actor by former Best Actor Winners,https://old.reddit.com/r/pics/comments/1bbt778/cillian_murphy_presented_the_oscar_for_best_actor/,"17,098 points",413 comments,knight1105,2024-03-11T03:09:07+00:00
When you're from the UK and don't even know the geographic boundaries of your own country.,https://old.reddit.com/r/confidentlyincorrect/comments/1bcg4cz/when_youre_from_the_uk_and_dont_even_know_the/,"3,570 points","1,451 comments",scubasteve254,2024-03-11T22:13:51+00:00
Candid moments from the 2024 Oscars ‚ù§Ô∏è,https://old.reddit.com/r/popculturechat/comments/1bc9385/candid_moments_from_the_2024_oscars/,"3,341 points",354 comments,stars_doulikedem,2024-03-11T17:39:21+00:00
The actors from The Dark Knight movie is really on another level...,https://old.reddit.com/r/batman/comments/1bc7qd9/the_actors_from_the_dark_knight_movie_is_really/,"3,259 points",147 comments,FabulousTruth567,2024-03-11T16:45:15+00:00
That‚Äôs Cillian Murphy away to The Oscars üèÜ,https://old.reddit.com/r/ireland/comments/1b85q1r/thats_cillian_murphy_away_to_the_oscars/,"2,550 points",192 comments,CampMain,2024-03-06T17:33:06+00:00
Cillian Murphy wins Best Actor at the Oscars,https://old.reddit.com/r/ireland/comments/1bbrt6p/cillian_murphy_wins_best_actor_at_the_oscars/,"2,488 points",242 comments,ParalysedBeaver,2024-03-11T02:02:17+00:00
"Robert Downey Jr, Da‚ÄôVine Joy Randolph, Emma Stone and Cillian Murphy with their Oscars",https://old.reddit.com/r/popculturechat/comments/1bbt8ln/robert_downey_jr_davine_joy_randolph_emma_stone/,"1,838 points",78 comments,mcfw31,2024-03-11T03:10:54+00:00
Another kangana in the making üòÇ jokes aside she is right to many Pr participation awards that no one cares about,https://old.reddit.com/r/BollyBlindsNGossip/comments/1bbztn9/another_kangana_in_the_making_jokes_aside_she_is/,"1,775 points",270 comments,Dazzling_Complex5897,2024-03-11T10:14:23+00:00
Cillian Murphy reacts to his Oscar win for best actor,https://old.reddit.com/r/PeakyBlinders/comments/1bbyc7q/cillian_murphy_reacts_to_his_oscar_win_for_best/,"1,752 points",40 comments,Ok_Tip_5184,2024-03-11T08:28:35+00:00
Cillian Murphy speech after winning the Oscar for Best Actor,https://old.reddit.com/r/ireland/comments/1bbrwur/cillian_murphy_speech_after_winning_the_oscar_for/,"1,362 points",137 comments,TombstonePete,2024-03-11T02:07:13+00:00
Lidl Ireland are offering coupons to anyone named Cillian or Cillian Murphy to celebrate Cillian Murphy‚Äôs Oscar Win,https://old.reddit.com/r/popculturechat/comments/1bc4vc4/lidl_ireland_are_offering_coupons_to_anyone_named/,"1,277 points",45 comments,RandomUsername600,2024-03-11T14:45:26+00:00
Cillian Murphy Wins Best Actor Oscar: I‚Äôm a ‚ÄòVery Proud Irish Man Standing Up Here Tonight‚Äô,https://old.reddit.com/r/popculturechat/comments/1bbs1fy/cillian_murphy_wins_best_actor_oscar_im_a_very/,"1,239 points",95 comments,impeccabletim,2024-03-11T02:13:30+00:00
ACADEMY AWARD WINNER CILLIAN MURPHY,https://old.reddit.com/r/CillianMurphy/comments/1bbruuv/academy_award_winner_cillian_murphy/,821 points,61 comments,kopi-o-siewdai,2024-03-11T02:04:34+00:00
That‚Äôs Cillian off to The Oscars üèÜ,https://old.reddit.com/r/CillianMurphy/comments/1b85qkx/thats_cillian_off_to_the_oscars/,786 points,21 comments,CampMain,2024-03-06T17:33:39+00:00
"Lidl is giving ‚Ç¨5 off coupons to all Cillians in Ireland, and ‚Ç¨50 if your name is Cillian Murphy",https://old.reddit.com/r/ireland/comments/1bcug1b/lidl_is_giving_5_off_coupons_to_all_cillians_in/,744 points,47 comments,One-imagination-2502,2024-03-12T10:57:47+00:00
CILLIAN MURPHY Wins OSCAR for BEST ACTOR,https://old.reddit.com/r/oscarrace/comments/1bbrs7k/cillian_murphy_wins_oscar_for_best_actor/,728 points,76 comments,PirateHunterxXx,2024-03-11T02:01:03+00:00
Cillian Murphy's speech for winning Best Actor,https://old.reddit.com/r/Oscars/comments/1bbsfp5/cillian_murphys_speech_for_winning_best_actor/,670 points,28 comments,shankmaster8000,2024-03-11T02:32:53+00:00
"Madonna meets her favorite actor, Cillian Murphy",https://old.reddit.com/r/popculturechat/comments/1bcngv2/madonna_meets_her_favorite_actor_cillian_murphy/,614 points,100 comments,stars_doulikedem,2024-03-12T03:36:59+00:00
Oscar de melhor ator do Cillian Murphy foi merecido!,https://old.reddit.com/r/filmes/comments/1bcjmuq/oscar_de_melhor_ator_do_cillian_murphy_foi/,529 points,41 comments,Confident-Region-677,2024-03-12T00:38:28+00:00
"Robert Downey Jr, Da‚ÄôVine Joy Randolph, Emma Stone and Cillian Murphy with their Oscars",https://old.reddit.com/r/pics/comments/1bbt8dk/robert_downey_jr_davine_joy_randolph_emma_stone/,529 points,19 comments,mcfw31,2024-03-11T03:10:39+00:00
"Pierce Brosnan: ""Cillian would do a magnificent job as James Bond."" Cillian Murphy: ""No. I think I'm a bit old for that.""",https://old.reddit.com/r/Fauxmoi/comments/1b9w3sr/pierce_brosnan_cillian_would_do_a_magnificent_job/,507 points,89 comments,demimonde9,2024-03-08T19:00:00+00:00
Cillian Murphy with the hair of Norma Foley,https://old.reddit.com/r/ireland/comments/1b8fwr9/cillian_murphy_with_the_hair_of_norma_foley/,471 points,37 comments,Misodoho,2024-03-07T00:14:33+00:00
Emma Stone and Cillian Murphy at the end of the ceremonyü•π,https://old.reddit.com/r/oscarrace/comments/1bbx4is/emma_stone_and_cillian_murphy_at_the_end_of_the/,387 points,11 comments,ChiefLeef22,2024-03-11T07:00:25+00:00
Throwback to Cillian Murphy performing a scene on arts programme Cursa√≠ Eala√≠ne in 1996,https://old.reddit.com/r/Fauxmoi/comments/1bby8lv/throwback_to_cillian_murphy_performing_a_scene_on/,313 points,51 comments,Creative_Sea2433,2024-03-11T08:21:28+00:00
Cillian Murphy wins Best Actor in a Leading Role Oscar for ‚ÄòOppenheimer‚Äô,https://old.reddit.com/r/OppenheimerMovie/comments/1bbrrz8/cillian_murphy_wins_best_actor_in_a_leading_role/,296 points,18 comments,DemiFiendRSA,2024-03-11T02:00:46+00:00
Rate my poorly made Oscars bingo card,https://old.reddit.com/r/okbuddycinephile/comments/1bbk778/rate_my_poorly_made_oscars_bingo_card/,292 points,20 comments,BluePantalaimon,2024-03-10T20:29:57+00:00
"Oppenheimer (2023) Christopher Nolan is so detail focused, he directed Cillian Murphy to construct a fully operational atom bomb. So if the Oscars know what's good for 'em, they'll hand over that Best Picture award, or else.",https://old.reddit.com/r/shittymoviedetails/comments/1b9w38e/oppenheimer_2023_christopher_nolan_is_so_detail/,285 points,8 comments,Hobscob,2024-03-08T18:59:24+00:00
GQ says Paul Giamatti should get the Oscar just because he's due and Cillian Murphy is too pretty or something?,https://old.reddit.com/r/Fauxmoi/comments/1bbeec2/gq_says_paul_giamatti_should_get_the_oscar_just/,275 points,89 comments,AbsolutelyIris,2024-03-10T16:30:17+00:00
Hasan is a grifter and only in politics for clout and to become some sort of E celebrity.,https://old.reddit.com/r/Destiny/comments/1bbu0xl/hasan_is_a_grifter_and_only_in_politics_for_clout/,273 points,42 comments,svvars,2024-03-11T03:50:33+00:00
From the movie ‚ÄúSunshine‚Äù to Academy Award Winners: Michelle Yeoh and Cillian Murphy reunited on the Oscar night.,https://old.reddit.com/r/oscarrace/comments/1bd11ed/from_the_movie_sunshine_to_academy_award_winners/,211 points,16 comments,nyccutie,2024-03-12T16:10:46+00:00
Annabelle Wallis celebrating Cillian‚Äôs big win,https://old.reddit.com/r/PeakyBlinders/comments/1bbry4i/annabelle_wallis_celebrating_cillians_big_win/,198 points,6 comments,Due-Secret-3091,2024-03-11T02:08:56+00:00
Y‚Äôall did we watch the same Oscars?,https://old.reddit.com/r/moviescirclejerk/comments/1bbt58z/yall_did_we_watch_the_same_oscars/,193 points,14 comments,Splurgisim,2024-03-11T03:06:32+00:00
I bring you Academy Award winning actor Cillian Murphy (I am so happy for him!) üíö,https://old.reddit.com/r/LadyBoners/comments/1bc5msq/i_bring_you_academy_award_winning_actor_cillian/,188 points,9 comments,gothhellokitty666,2024-03-11T15:18:50+00:00
üòÇ,https://old.reddit.com/r/ballutverso/comments/1bd2de2/_/,188 points,1 comment,Odd_Measurement8123,2024-03-12T17:02:44+00:00
‚ÄúThe Gods and pain will make us men‚Äù,https://old.reddit.com/r/dankmemes/comments/1b85i1h/the_gods_and_pain_will_make_us_men/,177 points,3 comments,anisism,2024-03-06T17:24:45+00:00
Cillian Murphy and Sam Neill via Instagram,https://old.reddit.com/r/CillianMurphy/comments/1bd8h4u/cillian_murphy_and_sam_neill_via_instagram/,167 points,6 comments,Lonely-Freedom4986,2024-03-12T21:01:53+00:00
Star for Cillian on Patrick‚Äôs street in Cork <3,https://old.reddit.com/r/CillianMurphy/comments/1bcr4yc/star_for_cillian_on_patricks_street_in_cork_3/,156 points,7 comments,DameDomino462,2024-03-12T07:12:37+00:00
Cillian Murphy's speech for winning Best Actor at Oscars 2024,https://old.reddit.com/r/OppenheimerMovie/comments/1bbsgl5/cillian_murphys_speech_for_winning_best_actor_at/,158 points,5 comments,shankmaster8000,2024-03-11T02:34:03+00:00
Keep in‚Äô it low key after his big win,https://old.reddit.com/r/oscarrace/comments/1bd1iii/keep_in_it_low_key_after_his_big_win/,148 points,15 comments,Due-Secret-3091,2024-03-12T16:29:33+00:00
OSCAR WINNER CILLIAN MURPHY!!!!! ü•πü•≤,https://old.reddit.com/r/CillianMurphy/comments/1bby1nw/oscar_winner_cillian_murphy/,145 points,3 comments,pbc120,2024-03-11T08:07:30+00:00
Official Paul Giamatti Prayer Circle for The Oscars 2024 üôèüôèüôè,https://old.reddit.com/r/oscarrace/comments/1bbaat7/official_paul_giamatti_prayer_circle_for_the/,142 points,56 comments,whoisrickcurtzman,2024-03-10T13:26:07+00:00
Cillian Murphy struggles to read a Kid Cudi tweet,https://old.reddit.com/r/KidCudi/comments/1ba2asy/cillian_murphy_struggles_to_read_a_kid_cudi_tweet/,136 points,2 comments,polaroidfades,2024-03-08T23:09:14+00:00
Opened the Oppenheimer Wikipedia page and saw this...,https://old.reddit.com/r/OppenheimerMovie/comments/1bd5w7j/opened_the_oppenheimer_wikipedia_page_and_saw_this/,132 points,21 comments,nagato188,2024-03-12T19:19:22+00:00
"'Roy Keane will always be number one for me,' says Cillian Murphy",https://old.reddit.com/r/coybig/comments/1bag3s3/roy_keane_will_always_be_number_one_for_me_says/,130 points,32 comments,waddiewadkins,2024-03-09T11:56:41+00:00
HK JewelryBrand Sauvereign made it to Oscars2024 (worn by best actor CillianMurphy),https://old.reddit.com/r/HongKong/comments/1bcfbfy/hk_jewelrybrand_sauvereign_made_it_to_oscars2024/,125 points,9 comments,throwawayacct4991,2024-03-11T21:42:45+00:00
"Say what you want about the Academy, but when they get it right, they get it right.",https://old.reddit.com/r/moviescirclejerk/comments/1bbxoen/say_what_you_want_about_the_academy_but_when_they/,123 points,7 comments,rov124,2024-03-11T07:40:48+00:00
"Keanu Reeves, Danny DeVito, a Bridgerton reunion, and more from 2024 pre-Oscars parties",https://old.reddit.com/r/popculturechat/comments/1bbdxqw/keanu_reeves_danny_devito_a_bridgerton_reunion/,124 points,62 comments,stars_doulikedem,2024-03-10T16:11:04+00:00
"The NYT published an explainer on ‚Äúsweatiness,‚Äù for those unfamiliar with how Blank Check generates its miniseries names.",https://old.reddit.com/r/blankies/comments/1b9x8pn/the_nyt_published_an_explainer_on_sweatiness_for/,124 points,36 comments,Transcendentalplan,2024-03-08T19:44:50+00:00
From Cork‚Äôs 96FM Facebook lol,https://old.reddit.com/r/CillianMurphy/comments/1bbj0qp/from_corks_96fm_facebook_lol/,117 points,6 comments,DameDomino462,2024-03-10T19:42:45+00:00
Outside Debenhams,https://old.reddit.com/r/cork/comments/1bc6hyp/outside_debenhams/,117 points,6 comments,dannydevito008,2024-03-11T15:55:51+00:00
cillian Murphy BEST Actor OSCAR - Your POV ?,https://old.reddit.com/r/pj_explained/comments/1bc03ig/cillian_murphy_best_actor_oscar_your_pov/,102 points,14 comments,Embarrassed-Pain2782,2024-03-11T10:32:31+00:00
"My mum's an academy voter and I asked her what her thoughts, what she voted for, and her feelings on this years' oscars were.",https://old.reddit.com/r/oscarrace/comments/1bbbcef/my_mums_an_academy_voter_and_i_asked_her_what_her/,104 points,155 comments,AnonymousOscarVoter,2024-03-10T14:16:11+00:00
Cillian Murphy talks about growth of Irish acting talent - including his own son,https://old.reddit.com/r/Fauxmoi/comments/1b9uazv/cillian_murphy_talks_about_growth_of_irish_acting/,98 points,7 comments,arealdisneyprincess,2024-03-08T17:49:04+00:00
Cillian Murphy wins Best Actor in a Leading Role Oscar for ‚ÄòOppenheimer‚Äô,https://old.reddit.com/r/CillianMurphy/comments/1bbru08/cillian_murphy_wins_best_actor_in_a_leading_role/,95 points,2 comments,DemiFiendRSA,2024-03-11T02:03:23+00:00
"Congrats to the Oscar winner, cillian Murphy!!",https://old.reddit.com/r/CillianMurphy/comments/1bc3bpd/congrats_to_the_oscar_winner_cillian_murphy/,90 points,0 comments,Jazzyluvsedits,2024-03-11T13:35:11+00:00
What are you ready to leave behind once this Oscar season ends?,https://old.reddit.com/r/oscarrace/comments/1bauu4p/what_are_you_ready_to_leave_behind_once_this/,92 points,104 comments,Haus_of_Pancakes,2024-03-09T22:59:10+00:00
Mstyslav Chernov is holding Cillian Murphy by the neck,https://old.reddit.com/r/confusing_perspective/comments/1bc2e2x/mstyslav_chernov_is_holding_cillian_murphy_by_the/,84 points,11 comments,tripleusername,2024-03-11T12:49:10+00:00
"Oscar Winner, Cillian Murphy",https://old.reddit.com/r/CillianMurphy/comments/1bbse4n/oscar_winner_cillian_murphy/,83 points,0 comments,Etceta,2024-03-11T02:30:47+00:00
Reddit Chosen Oscars: 2023 Winners Reveals,https://old.reddit.com/r/oscarrace/comments/1bav8he/reddit_chosen_oscars_2023_winners_reveals/,79 points,127 comments,JuanRiveara,2024-03-09T23:16:14+00:00
Messi the dog and his clapping paws at the Academy Awards,https://old.reddit.com/r/pics/comments/1bcbgtj/messi_the_dog_and_his_clapping_paws_at_the/,"50,602 points",540 comments,holyfruits,2024-03-11T19:13:49+00:00
This scene is now part of an Academy Award Winning Film Franchise,https://old.reddit.com/r/shittymoviedetails/comments/1bbrglo/this_scene_is_now_part_of_an_academy_award/,"29,248 points",464 comments,yaboiBradyC,2024-03-11T01:45:33+00:00
‚ÄòGodzilla Minus One‚Äô wins Best Visual Effects Oscar,https://old.reddit.com/r/GODZILLA/comments/1bbq9t1/godzilla_minus_one_wins_best_visual_effects_oscar/,"21,184 points",926 comments,DemiFiendRSA,2024-03-11T00:48:49+00:00
"With her 2nd win at the 2024 Academy Awards, Billie Eilish now has more Oscars than Martin Scorsese, Stanley Kubrick, Alfred Hitchcock, Akira Kurosawa, and Paul Thomas Anderson combined.",https://old.reddit.com/r/shittymoviedetails/comments/1bcbgas/with_her_2nd_win_at_the_2024_academy_awards/,"10,231 points",264 comments,cagedunderground,2024-03-11T19:13:15+00:00
The rare year the Oscars get majority right.,https://old.reddit.com/r/marvelmemes/comments/1bbz2li/the_rare_year_the_oscars_get_majority_right/,"7,178 points",385 comments,V_Master,2024-03-11T09:21:32+00:00
Emma Stones wins Best Actress Oscar for Poor Things,https://old.reddit.com/r/popculturechat/comments/1bbs6yw/emma_stones_wins_best_actress_oscar_for_poor/,"5,242 points",730 comments,Rude_Lifeguard,2024-03-11T02:21:07+00:00
‚ÄòThe Boy and the Heron‚Äô wins Best Animated Feature Film Oscar,https://old.reddit.com/r/ghibli/comments/1bbor2a/the_boy_and_the_heron_wins_best_animated_feature/,"4,541 points",257 comments,DemiFiendRSA,2024-03-10T23:39:20+00:00
"Jack and Claudia hits the 96th Annual Academy Awards on March 10, 2024 in Hollywood, California",https://old.reddit.com/r/TheBoys/comments/1bbn7i3/jack_and_claudia_hits_the_96th_annual_academy/,"4,392 points",147 comments,ironkrylon,2024-03-10T22:33:42+00:00
Robert Downey Jr. Wins Academy Award for Best Supporting Actor,https://old.reddit.com/r/entertainment/comments/1bbq29f/robert_downey_jr_wins_academy_award_for_best/,"3,956 points",112 comments,mcfw31,2024-03-11T00:39:04+00:00
"Rob Lowe, Sarah Jessica Parker, and Robert Downey Jr. at the Governors Ball after the 1988 Academy Awards.",https://old.reddit.com/r/HistoricalCapsule/comments/1b8xrrf/rob_lowe_sarah_jessica_parker_and_robert_downey/,"3,742 points",193 comments,zadraaa,2024-03-07T15:41:53+00:00
‚ÄòGodzilla Minus One‚Äô Wins Best Picture at the Japanese Academy Awards; Plus 7 Other Wins,https://old.reddit.com/r/movies/comments/1b9s83y/godzilla_minus_one_wins_best_picture_at_the/,"3,035 points",111 comments,MarvelsGrantMan136,2024-03-08T16:27:26+00:00
"In honor of the Oscars tonight, here are some of my favorite moments from past years",https://old.reddit.com/r/popculturechat/comments/1bbe7ij/in_honor_of_the_oscars_tonight_here_are_some_of/,"2,313 points",328 comments,Holychance_3,2024-03-10T16:22:13+00:00
2024 Oscar Ratings: Academy Awards Audience Rises Slightly to 19.5 Million Viewers,https://old.reddit.com/r/movies/comments/1bci25k/2024_oscar_ratings_academy_awards_audience_rises/,"2,299 points",249 comments,MarvelsGrantMan136,2024-03-11T23:31:17+00:00
Messi the dog and his clapping paws at the Academy Awards,https://old.reddit.com/r/AlternateAngles/comments/1bceite/messi_the_dog_and_his_clapping_paws_at_the/,"2,165 points",50 comments,jakethedog555,2024-03-11T21:11:55+00:00
Celebrities that left Hollywood or the entertainment industry and chose a completely different path in life.,https://old.reddit.com/r/popculturechat/comments/1bd83lc/celebrities_that_left_hollywood_or_the/,"1,969 points",840 comments,Mysterious-Tackle409,2024-03-12T20:47:01+00:00
OH SHE LOOKS GOOD. W Magazine and Louis Vuitton‚Äôs Academy Awards Dinner,https://old.reddit.com/r/lanadelrey/comments/1b9l5p8/oh_she_looks_good_w_magazine_and_louis_vuittons/,"1,622 points",46 comments,cinamonslut,2024-03-08T10:38:08+00:00
Hailee at the 2024 Academy Awards,https://old.reddit.com/r/HaileeSteinfeld/comments/1bbm453/hailee_at_the_2024_academy_awards/,"1,551 points",22 comments,Caballeros_Andantes,2024-03-10T21:47:42+00:00
All hail the king of the Oscar‚Äôs,https://old.reddit.com/r/GODZILLA/comments/1bbtkfy/all_hail_the_king_of_the_oscars/,"1,241 points",34 comments,G0d1lla-w,2024-03-11T03:26:55+00:00
And the Oscar for biggest sore loser goes to...,https://old.reddit.com/r/facepalm/comments/1bccofc/and_the_oscar_for_biggest_sore_loser_goes_to/,"1,217 points",199 comments,ViXardo,2024-03-11T20:00:41+00:00
Robert Downey jr at the academy awards 1993,https://old.reddit.com/r/OldSchoolCool/comments/1bbyp75/robert_downey_jr_at_the_academy_awards_1993/,"1,205 points",60 comments,Inner_Character_8221,2024-03-11T08:54:21+00:00
/pol discusses celebrities,https://old.reddit.com/r/4chan/comments/1bb7iws/pol_discusses_celebrities/,"1,162 points",181 comments,Stimul8ed,2024-03-10T10:44:42+00:00
Godzilla Won An Oscar (Comic by me),https://old.reddit.com/r/GODZILLA/comments/1bce0i5/godzilla_won_an_oscar_comic_by_me/,980 points,31 comments,Pkmatrix0079,2024-03-11T20:52:03+00:00
Hailee at the Academy Awards March 2024,https://old.reddit.com/r/HaileeSteinfeld/comments/1bbmgec/hailee_at_the_academy_awards_march_2024/,958 points,17 comments,Caballeros_Andantes,2024-03-10T22:01:54+00:00
At 96th Annual Academy Awards - Arrivals,https://old.reddit.com/r/HaileeSteinfeld/comments/1bc7n2c/at_96th_annual_academy_awards_arrivals/,948 points,3 comments,TRIPYXEN,2024-03-11T16:41:28+00:00
I'm sure Elon Musk actually watched all the movies that won academy awards.,https://old.reddit.com/r/saltierthankrayt/comments/1bbujtw/im_sure_elon_musk_actually_watched_all_the_movies/,908 points,151 comments,Mr_smith1466,2024-03-11T04:17:58+00:00
Spotlight on Tamara Ralph,https://old.reddit.com/r/whatthefrockk/comments/1b8zpp2/spotlight_on_tamara_ralph/,815 points,113 comments,doughborah,2024-03-07T17:05:46+00:00
Messi the dog and his clapping paws at the Academy Awards,https://old.reddit.com/r/thisismylifenow/comments/1bcnju9/messi_the_dog_and_his_clapping_paws_at_the/,794 points,12 comments,supercoincidence,2024-03-12T03:41:07+00:00
Mark Boal the writer and producer behind 'The Hurt Locker' and 'Zero Dark Thirty' is making a film about GameStop. Interesting...,https://old.reddit.com/r/Superstonk/comments/1b9xme2/mark_boal_the_writer_and_producer_behind_the_hurt/,773 points,45 comments,RL_bebisher,2024-03-08T20:00:11+00:00
"The Rock, John Cena and Bad Bunny at the Academy Awards last night",https://old.reddit.com/r/WWE/comments/1bc4mi5/the_rock_john_cena_and_bad_bunny_at_the_academy/,729 points,84 comments,retroanduwu24,2024-03-11T14:34:27+00:00
Robert Downey Jr with his Academy Award,https://old.reddit.com/r/Oscars/comments/1bcknug/robert_downey_jr_with_his_academy_award/,713 points,115 comments,Natural_Peanut4104,2024-03-12T01:25:17+00:00
W Magazine and Louis Vuitton‚Äôs Academy Awards Dinner (March 2024),https://old.reddit.com/r/Zendaya/comments/1b9liad/w_magazine_and_louis_vuittons_academy_awards/,713 points,4 comments,standyourground10,2024-03-08T11:07:08+00:00
Godzilla Won Best Picture at 47th Japanese Academy Awards Today!,https://old.reddit.com/r/GODZILLA/comments/1b9q35g/godzilla_won_best_picture_at_47th_japanese/,678 points,35 comments,Pkmatrix0079,2024-03-08T15:02:47+00:00
"Zendaya, Emma Stone, Barry Keoghan, and more at W Magazine and Louis Vuitton's Academy Awards Dinner last night",https://old.reddit.com/r/popculturechat/comments/1b9sdmd/zendaya_emma_stone_barry_keoghan_and_more_at_w/,654 points,118 comments,stars_doulikedem,2024-03-08T16:33:27+00:00
"In honor of Oscars night and for its nomination for Best Visual Effects at the 96th Academy Awards, say something GREAT about Godzilla Minus One! üèÜ",https://old.reddit.com/r/GODZILLA/comments/1bbf5m5/in_honor_of_oscars_night_and_for_its_nomination/,616 points,154 comments,LegendsofLost,2024-03-10T17:02:05+00:00
"Zendaya, Emma Stone and more in Louis Vuitton at the W & Louis Vuitton Academy Awards Dinner in LA",https://old.reddit.com/r/whatthefrockk/comments/1b9xaxv/zendaya_emma_stone_and_more_in_louis_vuitton_at/,619 points,110 comments,mod_whatthefrockk,2024-03-08T19:47:20+00:00
minus won,https://old.reddit.com/r/GODZILLA/comments/1bcfgtf/minus_won/,606 points,9 comments,Serfum2,2024-03-11T21:48:24+00:00
Fully Naked John Cena Presents The Most Ironic Academy Award,https://old.reddit.com/r/entertainment/comments/1bbttae/fully_naked_john_cena_presents_the_most_ironic/,577 points,141 comments,TorukMaktoM,2024-03-11T03:39:36+00:00
Donald Trump found himself at the center of ridicule at the 96th Academy Awards when host Jimmy Kimmel took a moment to address an unhinged rant that Trump had posted about Kimmel on Truth Social.,https://old.reddit.com/r/Trumpvirus/comments/1bc3l7u/donald_trump_found_himself_at_the_center_of/,553 points,46 comments,Greenmark88,2024-03-11T13:47:33+00:00
"Ukraine won the first Academy Award in its history for ""20 days in Mariupol"". The famous Ukrainian photographer/filmmaker/director of the documentary Loves Cats! See comment for how to view his gallery of cat photography",https://old.reddit.com/r/catsofukraine/comments/1bdbwhn/ukraine_won_the_first_academy_award_in_its/,531 points,3 comments,housecatspeaks,2024-03-12T23:18:30+00:00
2024 OSCARS MEGATHREAD üé•üèÜ,https://old.reddit.com/r/Fauxmoi/comments/1bbf5oa/2024_oscars_megathread/,526 points,"11,449 comments",rfauxmoi,2024-03-10T17:02:08+00:00
Pretty based of him,https://old.reddit.com/r/redscarepod/comments/1bbs9dv/pretty_based_of_him/,514 points,60 comments,Parentipilled600,2024-03-11T02:24:21+00:00
"‚≠ê ùë®ùíî ùíäùíî ùíïùíìùíÇùíÖùíäùíïùíäùíêùíè, Harry and Meghan were ùëµùë∂ùëª ùë≠*ùë™ùë≤ùë∞ùëµùëÆ ùë∞ùëµùëΩùë∞ùëªùë¨ùë´ to the annual Elton John AIDS Foundation Academy Awards Viewing Party ‚≠ê",https://old.reddit.com/r/SaintMeghanMarkle/comments/1bctqyz/ùë®ùíî_ùíäùíî_ùíïùíìùíÇùíÖùíäùíïùíäùíêùíè_harry_and_meghan_were_ùëµùë∂ùëª_ùë≠ùë™ùë≤ùë∞ùëµùëÆ/,497 points,334 comments,SeptiemeSens,2024-03-12T10:13:31+00:00
"At the 96th Academy Awards in Los Angeles. March 10, 2024.",https://old.reddit.com/r/HaileeSteinfeld/comments/1bbon4r/at_the_96th_academy_awards_in_los_angeles_march/,497 points,1 comment,MilkyWayLatte,2024-03-10T23:34:23+00:00
"for the 96th Annual Academy Awards - March 10, 2024",https://old.reddit.com/r/Florence_Pugh/comments/1bbnztw/for_the_96th_annual_academy_awards_march_10_2024/,497 points,2 comments,High_Mind,2024-03-10T23:06:19+00:00
"Zendaya | W Magazine and Louis Vuitton's Academy Awards Dinner, Los Angeles, California | March 7, 2024",https://old.reddit.com/r/anya_zendaya/comments/1b9otbf/zendaya_w_magazine_and_louis_vuittons_academy/,447 points,5 comments,WadeWilson9012,2024-03-08T14:09:07+00:00
Hail Nando!,https://old.reddit.com/r/lastpodcastontheleft/comments/1bboedi/hail_nando/,441 points,24 comments,greg-drunk,2024-03-10T23:23:45+00:00
Lana Del Rey at W Magazine and Louis Vuittons Academy Awards dinner yesterday. ‚ú®,https://old.reddit.com/r/lanadelrey/comments/1b9lovn/lana_del_rey_at_w_magazine_and_louis_vuittons/,432 points,16 comments,Stunning_Ad_8904,2024-03-08T11:24:57+00:00
Il film dell'anno,https://old.reddit.com/r/Italia/comments/1bc1owb/il_film_dellanno/,421 points,61 comments,couchsurfer_14,2024-03-11T12:11:21+00:00
"I belive the intention was always to be a feature, but Netflix broke it up to win an Oscar",https://old.reddit.com/r/wesanderson/comments/1bcxf7j/i_belive_the_intention_was_always_to_be_a_feature/,409 points,21 comments,JMJsBackRoad,2024-03-12T13:36:32+00:00
"96th Academy Awards in Los Angeles March 10, 2024",https://old.reddit.com/r/AnyaTaylorJoy/comments/1bbmvs5/96th_academy_awards_in_los_angeles_march_10_2024/,398 points,3 comments,ImOP-,2024-03-10T22:19:56+00:00
"As an illustration of how rapidly movies were changing in the late 1920s, these are the Best Actor winners from the first two Academy Awards ceremonies: Emil Jannings and Warner Baxter",https://old.reddit.com/r/silentmoviegifs/comments/1bbun10/as_an_illustration_of_how_rapidly_movies_were/,399 points,6 comments,Auir2blaze,2024-03-11T04:22:45+00:00
"95th Annual Academy Awards on March 12, 2023",https://old.reddit.com/r/Florence_Pugh/comments/1bb0o80/95th_annual_academy_awards_on_march_12_2023/,387 points,2 comments,im-bunny007,2024-03-10T03:40:30+00:00
Should Trash Taste host their own Anime Awards similar to the Academy Awards/Game Awards.,https://old.reddit.com/r/TrashTaste/comments/1bbzciq/should_trash_taste_host_their_own_anime_awards/,379 points,55 comments,CarlosConvo,2024-03-11T09:40:44+00:00
"96th Academy Awards in Los Angeles March 10, 2024",https://old.reddit.com/r/HaileeSteinfeld/comments/1bbn8p3/96th_academy_awards_in_los_angeles_march_10_2024/,380 points,1 comment,ImOP-,2024-03-10T22:35:04+00:00
Based Glazer.,https://old.reddit.com/r/Sardonicast/comments/1bbwzps/based_glazer/,374 points,168 comments,Candid_Bicycle_6111,2024-03-11T06:50:44+00:00
"His ""Every Best Animated Feature Nominee Ranked"" Project Has Started",https://old.reddit.com/r/Schaffrillas/comments/1bd8fw6/his_every_best_animated_feature_nominee_ranked/,330 points,25 comments,Clean-Cupcakes,2024-03-12T21:00:39+00:00
82nd Annual Academy Awards in Hollywood 03/07/2010,https://old.reddit.com/r/RachelMcAdams/comments/1b9sjxa/82nd_annual_academy_awards_in_hollywood_03072010/,328 points,3 comments,im-bunny007,2024-03-08T16:40:24+00:00
[OC] 30 Best Movie Directors,https://old.reddit.com/r/dataisbeautiful/comments/1bd126v/oc_30_best_movie_directors/,"3,038 points",429 comments,Alexander_Varlamov,2024-03-12T16:11:37+00:00
"During his acceptance speech for winning best director, Christopher Nolan used only natural effects and refused to use any CGI.",https://old.reddit.com/r/shittymoviedetails/comments/1bbz4oz/during_his_acceptance_speech_for_winning_best/,"2,608 points",18 comments,starksforever,2024-03-11T09:25:31+00:00
Takashi Yamazaki and Christopher Nolan at the Oscars after party,https://old.reddit.com/r/GODZILLA/comments/1bc0kxn/takashi_yamazaki_and_christopher_nolan_at_the/,"2,315 points",43 comments,Soft-Comfort-7474,2024-03-11T11:03:47+00:00
"What Rohit Shetty misses pointing out is that in Hindi cinema, the concept of director led films is absent hence no one is trusting directors with such big budgets",https://old.reddit.com/r/BollywoodHotTakes/comments/1bcduu9/what_rohit_shetty_misses_pointing_out_is_that_in/,"1,532 points",184 comments,Legitimate_Spend_614,2024-03-11T20:45:47+00:00
"According to Puck, Christopher Nolan has started writing his next film",https://old.reddit.com/r/boxoffice/comments/1bcui21/according_to_puck_christopher_nolan_has_started/,"1,057 points",316 comments,ChiefLeef22,2024-03-12T11:01:01+00:00
We are being ragebaited.,https://old.reddit.com/r/vanderpumprules/comments/1b87gcw/we_are_being_ragebaited/,622 points,120 comments,IbizaRey,2024-03-06T18:38:43+00:00
10 year anniversary!!,https://old.reddit.com/r/interstellar/comments/1bdaizd/10_year_anniversary/,583 points,51 comments,Straight-Witness-942,2024-03-12T22:22:12+00:00
Christopher Nolan has reportedly started writing his next film.,https://old.reddit.com/r/ChristopherNolan/comments/1bct4h0/christopher_nolan_has_reportedly_started_writing/,427 points,73 comments,Hououin_Kyouma_1,2024-03-12T09:32:07+00:00
Christopher Nolan is the greatest director of all time!,https://old.reddit.com/r/okbuddycinephile/comments/1bav9ho/christopher_nolan_is_the_greatest_director_of_all/,366 points,17 comments,January1252024,2024-03-09T23:17:30+00:00
"No eres nadie, Christopher Nolan.",https://old.reddit.com/r/LatinoPeopleTwitter/comments/1bczzpo/no_eres_nadie_christopher_nolan/,363 points,14 comments,rattamahata666,2024-03-12T15:28:31+00:00
Christopher Nolan √© f√£ da saga Velozes e Furiosos,https://old.reddit.com/r/jovemnerd/comments/1b8w915/christopher_nolan_√©_f√£_da_saga_velozes_e_furiosos/,335 points,38 comments,JamesWinter83,2024-03-07T14:39:34+00:00
Everyone involved in the SOL foundation are complete lunatics who are doing the whole thing to steal your money and get their 15 minutes of fame,https://old.reddit.com/r/UFOs/comments/1ba1meg/everyone_involved_in_the_sol_foundation_are/,322 points,114 comments,BehindACorpFireWall,2024-03-08T22:40:48+00:00
What Oscar winners have featured drag queens?,https://old.reddit.com/r/EnoughMuskSpam/comments/1bbp1sw/what_oscar_winners_have_featured_drag_queens/,322 points,47 comments,thatguy9684736255,2024-03-10T23:52:54+00:00
CHRISTOPHER NOLAN Wins OSCAR for BEST DIRECTOR,https://old.reddit.com/r/oscarrace/comments/1bbruq5/christopher_nolan_wins_oscar_for_best_director/,309 points,28 comments,PirateHunterxXx,2024-03-11T02:04:22+00:00
"Oppenheimer (2023) Dir. Christopher Nolan, DoP. Hoyte van Hoytema",https://old.reddit.com/r/CineShots/comments/1bbsn1j/oppenheimer_2023_dir_christopher_nolan_dop_hoyte/,311 points,9 comments,NeonMeateOctifish,2024-03-11T02:42:35+00:00
"Christopher Nolan has already started writing his next film, what kind of movie do you want to see him make?",https://old.reddit.com/r/moviecritic/comments/1bczjxx/christopher_nolan_has_already_started_writing_his/,260 points,639 comments,FilmEater,2024-03-12T15:10:18+00:00
Forget the Linearity of Time,https://old.reddit.com/r/Superstonk/comments/1baylqj/forget_the_linearity_of_time/,254 points,37 comments,civil1,2024-03-10T01:53:37+00:00
"Just a quick observation: despite his reputation as the archetypical ""dude-bro"" auteur director, almost half of Quentin Tarantino's filmography stars actresses as the main protagonists.",https://old.reddit.com/r/Letterboxd/comments/1bb4hxe/just_a_quick_observation_despite_his_reputation/,253 points,132 comments,Radiant-Specialist76,2024-03-10T07:25:01+00:00
Oscars Megathread,https://old.reddit.com/r/Letterboxd/comments/1bagqxm/oscars_megathread/,233 points,146 comments,ericdraven26,2024-03-09T12:34:13+00:00
Christopher Nolan‚Äôs next project rumoured to be a remake of the 1960s series ‚ÄúThe Prisoner‚Äù,https://old.reddit.com/r/Fauxmoi/comments/1bcz79k/christopher_nolans_next_project_rumoured_to_be_a/,185 points,43 comments,LordCheng45,2024-03-12T14:55:39+00:00
"Ladies and gentlemen, the holy grail of all Interstellar Steelbooks. Paid a pretty penny for this one, but man am I happy with this purchase.",https://old.reddit.com/r/interstellar/comments/1bcasvw/ladies_and_gentlemen_the_holy_grail_of_all/,176 points,15 comments,OptimizeEdits,2024-03-11T18:47:48+00:00
"Christopher Nolan Wins First Oscar, Thanks Academy for Thinking He‚Äôs a ‚ÄòMeaningful‚Äô Part of Cinema History",https://old.reddit.com/r/popculturechat/comments/1bbs4h0/christopher_nolan_wins_first_oscar_thanks_academy/,174 points,22 comments,impeccabletim,2024-03-11T02:17:47+00:00
"Wins for ""Oppenheimer"" and ""Godzilla Minus One"" mean this is the first time a movie and it's sequel both won Oscars the same year.",https://old.reddit.com/r/GODZILLA/comments/1bchu50/wins_for_oppenheimer_and_godzilla_minus_one_mean/,158 points,2 comments,The_Peeping_Peter,2024-03-11T23:22:14+00:00
Locate and maintain any Rooster Teeth physical media you purchased in the past,https://old.reddit.com/r/roosterteeth/comments/1b88k2c/locate_and_maintain_any_rooster_teeth_physical/,156 points,26 comments,pp_bjorn,2024-03-06T19:21:38+00:00
"Congratulations to Christopher Nolan for winning the Oscar for ""The Dark Knight""",https://old.reddit.com/r/oscarrace/comments/1bbsycd/congratulations_to_christopher_nolan_for_winning/,138 points,39 comments,BrenoGrangerPotter,2024-03-11T02:57:40+00:00
"Oppenheimer reigns at Oscars 2024 with seven wins, including Best Picture and Best Director for Christopher Nolan",https://old.reddit.com/r/TwoBestFriendsPlay/comments/1bbsweh/oppenheimer_reigns_at_oscars_2024_with_seven_wins/,135 points,53 comments,Unknown123Known,2024-03-11T02:55:05+00:00
"""With Oppenheimer‚Äôs Win, Christopher Nolan Has Done Something Not Even Spielberg Managed""",https://old.reddit.com/r/ChristopherNolan/comments/1bcheno/with_oppenheimers_win_christopher_nolan_has_done/,129 points,17 comments,YetiDeli,2024-03-11T23:04:30+00:00
who would your dream director be for future planet of the apes films ? ill go first : christopher nolan :),https://old.reddit.com/r/PlanetOfTheApes/comments/1bd0lih/who_would_your_dream_director_be_for_future/,131 points,83 comments,EnoughSound6271,2024-03-12T15:53:26+00:00
Dune: Part 2 on track to have a better second weekend hold than Oppenheimer (and potentially Barbie),https://old.reddit.com/r/boxoffice/comments/1bb4fi7/dune_part_2_on_track_to_have_a_better_second/,127 points,16 comments,dremolus,2024-03-10T07:20:29+00:00
A temporal pincer moment,https://old.reddit.com/r/tenet/comments/1bcjxr0/a_temporal_pincer_moment/,124 points,6 comments,amazingspineman,2024-03-12T00:52:20+00:00
yeah so i completed it......,https://old.reddit.com/r/IndianGaming/comments/1bafy8j/yeah_so_i_completed_it/,120 points,47 comments,joblessnitwit,2024-03-09T11:47:08+00:00
Christopher Nolan's speech for winning Best Director,https://old.reddit.com/r/Oscars/comments/1bbsqc9/christopher_nolans_speech_for_winning_best/,120 points,5 comments,shankmaster8000,2024-03-11T02:46:55+00:00
Christopher Nolan's speech for winning Best Director for Oppenheimer,https://old.reddit.com/r/OppenheimerMovie/comments/1bbsqpu/christopher_nolans_speech_for_winning_best/,119 points,3 comments,shankmaster8000,2024-03-11T02:47:27+00:00
"""Some say Christopher Nolan‚Äôs next film might be a remake of the 1960s TV series ‚ÄòTHE PRISONER‚Äô.""",https://old.reddit.com/r/ChristopherNolan/comments/1bcyyls/some_say_christopher_nolans_next_film_might_be_a/,119 points,36 comments,S7KTHI,2024-03-12T14:45:02+00:00
Today marks 15 years since the release of Zack Snyder‚Äôs Watchmen. Has it aged well? [Discussion],https://old.reddit.com/r/DCcomics/comments/1b8gyhi/today_marks_15_years_since_the_release_of_zack/,118 points,89 comments,Wheelbirds,2024-03-07T01:01:09+00:00
Christopher Nolan Wins Best Director Oscar for ‚ÄòOppenheimer‚Äô,https://old.reddit.com/r/ChristopherNolan/comments/1bbrzxy/christopher_nolan_wins_best_director_oscar_for/,97 points,6 comments,mrnicegy26,2024-03-11T02:11:22+00:00
3 body problem review megathread,https://old.reddit.com/r/threebodyproblem/comments/1baas2y/3_body_problem_review_megathread/,96 points,129 comments,itsciro,2024-03-09T06:04:08+00:00
Christopher Nolan earned more money with the movie than Oppenheimer in his entire life,https://old.reddit.com/r/Showerthoughts/comments/1barvfw/christopher_nolan_earned_more_money_with_the/,91 points,24 comments,duitse_aardappel,2024-03-09T20:51:37+00:00
Looks like the re-release had a bigger impact on me than anticipated.,https://old.reddit.com/r/tenet/comments/1b9tc81/looks_like_the_rerelease_had_a_bigger_impact_on/,88 points,12 comments,amazingspineman,2024-03-08T17:11:17+00:00
The 2024 Oscars: The Year of ‚ÄòOppenheimer‚Äô and Christopher Nolan,https://old.reddit.com/r/TheBigPicture/comments/1bbwksp/the_2024_oscars_the_year_of_oppenheimer_and/,87 points,197 comments,thefilthyjellybean,2024-03-11T06:21:47+00:00
Went to my local Walmart‚Ä¶ let‚Äôs just say I spent a lot of money üòÖ,https://old.reddit.com/r/Steelbooks/comments/1b8best/went_to_my_local_walmart_lets_just_say_i_spent_a/,83 points,39 comments,MeddyC24,2024-03-06T21:12:51+00:00
Rewatched Oppenheimer the way Christopher Nolan truly intended before tonight‚Ä¶,https://old.reddit.com/r/OppenheimerMovie/comments/1bbkpz2/rewatched_oppenheimer_the_way_christopher_nolan/,80 points,7 comments,Pochi622,2024-03-10T20:51:31+00:00
ACADEMY AWARD WINNER CHRISTOPHER NOLAN,https://old.reddit.com/r/ChristopherNolan/comments/1bbtx90/academy_award_winner_christopher_nolan/,76 points,1 comment,Officialnoah,2024-03-11T03:45:16+00:00
Fate is an asshole,https://old.reddit.com/r/NonPoliticalTwitter/comments/1b7vbg3/fate_is_an_asshole/,71 points,5 comments,artemismilkman,2024-03-06T09:10:07+00:00
What movies to watch if you like Black Mirror?,https://old.reddit.com/r/movies/comments/1b9utsa/what_movies_to_watch_if_you_like_black_mirror/,71 points,184 comments,wagawagaweewee,2024-03-08T18:09:38+00:00
ACADEMY AWARD WINNER CHRISTOPHER NOLAN,https://old.reddit.com/r/OppenheimerMovie/comments/1bbtw7l/academy_award_winner_christopher_nolan/,69 points,0 comments,Officialnoah,2024-03-11T03:43:51+00:00
Finally!,https://old.reddit.com/r/Steelbooks/comments/1b9di89/finally/,71 points,11 comments,Aktivhate,2024-03-08T03:10:18+00:00
Jeremy Griggs getting called out on his post-Oscars clout chasing.,https://old.reddit.com/r/saltierthankrayt/comments/1bcilj4/jeremy_griggs_getting_called_out_on_his/,68 points,6 comments,DocHoliday0316,2024-03-11T23:53:34+00:00
A big Oscars night for Oppenheimer (7 awards) and Poor Things (4 awards),https://old.reddit.com/r/Oscars/comments/1bc7s1i/a_big_oscars_night_for_oppenheimer_7_awards_and/,66 points,14 comments,jor_de_ham,2024-03-11T16:47:02+00:00
Charlize Theron excited to do a tequila shot at the Oscars,https://old.reddit.com/r/MadeMeSmile/comments/1bd1xnb/charlize_theron_excited_to_do_a_tequila_shot_at/,"45,804 points",882 comments,fuzzy_dice_99,2024-03-12T16:45:55+00:00
ke huy quan's oscars 2024 selfies,https://old.reddit.com/r/popculturechat/comments/1bd1rqd/ke_huy_quans_oscars_2024_selfies/,"26,309 points",594 comments,skrrrt85,2024-03-12T16:39:27+00:00
Michelle Yeoh handed the Oscar to Jennifer Lawrence so Emma Stone could receive it from her ‚Äúbest friend‚Äù ü•π,https://old.reddit.com/r/popculturechat/comments/1bciotx/michelle_yeoh_handed_the_oscar_to_jennifer/,"25,718 points",346 comments,stars_doulikedem,2024-03-11T23:57:33+00:00
Entire World Laughs At Trump At Oscars,https://old.reddit.com/r/WhitePeopleTwitter/comments/1bc1h8i/entire_world_laughs_at_trump_at_oscars/,"24,177 points","1,141 comments",LondonDavis1,2024-03-11T11:59:41+00:00
Michael Keaton at 2024 Oscars watches presentation by Danny DeVito and Arnold Schwarzenegger,https://old.reddit.com/r/pics/comments/1bcc6k4/michael_keaton_at_2024_oscars_watches/,"21,682 points",665 comments,NankipooBit8066,2024-03-11T19:41:38+00:00
Arnold Schwarzenegger and Danny DeVito at the Oscars tonight,https://old.reddit.com/r/pics/comments/1bbqlu7/arnold_schwarzenegger_and_danny_devito_at_the/,"21,485 points",292 comments,Gato1980,2024-03-11T01:04:25+00:00
"Ryan Gosling performing ""Just Ken"" at the 2024 Oscars",https://old.reddit.com/r/pics/comments/1bcl90b/ryan_gosling_performing_just_ken_at_the_2024/,"19,906 points",480 comments,Due_Obligation_7236,2024-03-12T01:51:01+00:00
"Ryan Gosling performing ""I'm Just Ken"" at the Oscars",https://old.reddit.com/r/Oscars/comments/1bbrbp2/ryan_gosling_performing_im_just_ken_at_the_oscars/,"16,748 points",787 comments,shankmaster8000,2024-03-11T01:39:07+00:00
"From a drug-addicted downward spiral to winning the Oscar for Best Supporting Actor after 3 nominations, RDJ just showed me that no matter how down bad you are, there's always chance at redemption",https://old.reddit.com/r/MadeMeSmile/comments/1bc3ql1/from_a_drugaddicted_downward_spiral_to_winning/,"16,729 points","1,003 comments",DrDarkTV,2024-03-11T13:54:18+00:00
John Cena Just Straight Up Walked at the Oscar's Stage 2024 Naked,https://old.reddit.com/r/funnyvideos/comments/1bbv5mv/john_cena_just_straight_up_walked_at_the_oscars/,"16,296 points",995 comments,BlackNovus_PH,2024-03-11T04:51:40+00:00
"2018 Oscars ""EnvelopeGate"" moment, where La La Land was mistakenly named Best Picture",https://old.reddit.com/r/pics/comments/1baxc20/2018_oscars_envelopegate_moment_where_la_la_land/,"15,448 points",794 comments,ILoveRegenHealth,2024-03-10T00:51:44+00:00
Emma Stone finds out that Poor Things won the Oscar for Makeup & Hairstyling,https://old.reddit.com/r/MadeMeSmile/comments/1bbwpnr/emma_stone_finds_out_that_poor_things_won_the/,"14,568 points",332 comments,Serious_Specter,2024-03-11T06:31:03+00:00
John Cena Just Straight Up Walked at the Oscar's Stage 2024 Naked,https://old.reddit.com/r/funny/comments/1bbwmi2/john_cena_just_straight_up_walked_at_the_oscars/,"14,482 points","1,466 comments",BlackNovus_PH,2024-03-11T06:25:06+00:00
Hayao Miyazaki's 'The Boy and the Heron' Wins the Oscar for Best Animated Feature,https://old.reddit.com/r/anime/comments/1bboqot/hayao_miyazakis_the_boy_and_the_heron_wins_the/,"14,463 points","1,183 comments",MarvelsGrantMan136,2024-03-10T23:38:52+00:00
Robert Downey Jr. ignoring Ke Huy Quan who presented him with his Oscar,https://old.reddit.com/r/popculturechat/comments/1bbu98y/robert_downey_jr_ignoring_ke_huy_quan_who/,"12,644 points","2,289 comments",kookiekoo,2024-03-11T04:02:15+00:00
Penguin & Mr. Freeze taunting Batman at the Oscars,https://old.reddit.com/r/batman/comments/1bbr3sq/penguin_mr_freeze_taunting_batman_at_the_oscars/,"10,754 points",272 comments,SmaugRancor,2024-03-11T01:28:32+00:00
It's literally a movie about a Neo Nazi abandoning his ideology to be more woke,https://old.reddit.com/r/facepalm/comments/1bc6u9h/its_literally_a_movie_about_a_neo_nazi_abandoning/,"10,332 points",916 comments,Visqo,2024-03-11T16:09:24+00:00
‚ÄúIsn‚Äôt it past your jail time‚Äù - Jimmy Kimmel‚Äôs response to Trump complaining about him hosting the Oscars.,https://old.reddit.com/r/WhitePeopleTwitter/comments/1bbthgn/isnt_it_past_your_jail_time_jimmy_kimmels/,"9,987 points",461 comments,Paiger__,2024-03-11T03:22:42+00:00
"Ryan Gosling Electrifies Oscars With ‚ÄòI‚Äôm Just Ken‚Äô Live as Margot Robbie, Emma Stone and More Passionately Sing Along; Slash Also Rocks Out on Stage",https://old.reddit.com/r/entertainment/comments/1bbrb2t/ryan_gosling_electrifies_oscars_with_im_just_ken/,"9,849 points",349 comments,KillerCroc1234567,2024-03-11T01:38:19+00:00
‚ÄúIsn‚Äôt it past your jail time?‚Äù,https://old.reddit.com/r/PoliticalHumor/comments/1bbt60z/isnt_it_past_your_jail_time/,"9,704 points",396 comments,Mahaka1a,2024-03-11T03:07:33+00:00
Margot Robbie at the 2024 Oscars,https://old.reddit.com/r/popculturechat/comments/1bbnu4t/margot_robbie_at_the_2024_oscars/,"9,385 points",430 comments,stars_doulikedem,2024-03-10T23:00:01+00:00
The shoes the Godzilla Minus One crew were wearing at the Oscars,https://old.reddit.com/r/pics/comments/1bbnp8u/the_shoes_the_godzilla_minus_one_crew_were/,"9,371 points",90 comments,mihirmusprime,2024-03-10T22:54:17+00:00
Ryan Gosling at the Oscars,https://old.reddit.com/r/pics/comments/1bbo897/ryan_gosling_at_the_oscars/,"9,139 points",184 comments,carrotwhirl,2024-03-10T23:16:16+00:00
Ed Begley Jrs Commute to the Oscars,https://old.reddit.com/r/TikTokCringe/comments/1bc2w9t/ed_begley_jrs_commute_to_the_oscars/,"8,885 points",401 comments,blarferoni,2024-03-11T13:14:34+00:00
Why is Man at the Oscars? Is he stupid?,https://old.reddit.com/r/BatmanArkham/comments/1bbqere/why_is_man_at_the_oscars_is_he_stupid/,"8,513 points",171 comments,Big_Patience5803,2024-03-11T00:55:13+00:00
America Ferrera in Atelier Versace at the 2024 Oscars,https://old.reddit.com/r/whatthefrockk/comments/1bbmqjs/america_ferrera_in_atelier_versace_at_the_2024/,"8,424 points",398 comments,mod_whatthefrockk,2024-03-10T22:13:44+00:00
Eva Mendes posts after Ryan Gosling‚Äôs Oscar performance üíï,https://old.reddit.com/r/popculturechat/comments/1bbsjk8/eva_mendes_posts_after_ryan_goslings_oscar/,"7,917 points",369 comments,stars_doulikedem,2024-03-11T02:37:58+00:00
Eugene Lee Yang at the Oscars!,https://old.reddit.com/r/lgbt/comments/1bbp2me/eugene_lee_yang_at_the_oscars/,"7,685 points",121 comments,carrotwhirl,2024-03-10T23:53:58+00:00
20 of the Top Looks from the 2024 Oscars,https://old.reddit.com/r/popculturechat/comments/1bboe96/20_of_the_top_looks_from_the_2024_oscars/,"7,655 points","1,677 comments",stars_doulikedem,2024-03-10T23:23:38+00:00
Ludwig G√∂ransson receiving his first Oscar,https://old.reddit.com/r/community/comments/1bbrdtd/ludwig_g√∂ransson_receiving_his_first_oscar/,"7,338 points",193 comments,Puzzleheaded_Sir4294,2024-03-11T01:41:53+00:00
‚ÄòIsn‚Äôt it past your jail time?‚Äô: Kimmel wins cheers at Oscars with Trump jibe,https://old.reddit.com/r/politics/comments/1bbt3i0/isnt_it_past_your_jail_time_kimmel_wins_cheers_at/,"7,334 points",337 comments,CrispyMiner,2024-03-11T03:04:15+00:00
"7 years since the oscars ‚Äúenvelopegate‚Äù, when ‚Äòla la land‚Äô was mistakenly announced as the best picture",https://old.reddit.com/r/popculturechat/comments/1bbayln/7_years_since_the_oscars_envelopegate_when_la_la/,"7,080 points",510 comments,vintageseashell,2024-03-10T13:58:36+00:00
"Whoever you are and whoever you like, just know that it is Kenough",https://old.reddit.com/r/wholesomememes/comments/1bcur47/whoever_you_are_and_whoever_you_like_just_know/,"7,030 points",55 comments,QuicklyThisWay,2024-03-12T11:15:56+00:00
"Jimmy Kimmel Was Told ‚ÄòDon‚Äôt Read‚Äô Donald Trump‚Äôs Oscars Diss on Stage, Reacts to Al Pacino‚Äôs Awkward Presenting: ‚ÄòI Guess He‚Äôs Never Watched an Awards Show Before‚Äô",https://old.reddit.com/r/entertainment/comments/1bc7jpb/jimmy_kimmel_was_told_dont_read_donald_trumps/,"6,990 points",707 comments,CraftRemarkable7197,2024-03-11T16:37:40+00:00
Ryan Gosling‚Äôs performance (I‚Äôm Just Ken) in Oscars tonight.,https://old.reddit.com/r/MadeMeSmile/comments/1bbwpxe/ryan_goslings_performance_im_just_ken_in_oscars/,"6,775 points",208 comments,Illustrious-Culture5,2024-03-11T06:31:32+00:00
But what have the Romans ever done for us?,https://old.reddit.com/r/MurderedByWords/comments/1bco0qn/but_what_have_the_romans_ever_done_for_us/,"6,639 points",139 comments,IncredulousCactus,2024-03-12T04:04:40+00:00
Does not say much !,https://old.reddit.com/r/facepalm/comments/1bcj2jn/does_not_say_much/,"6,269 points",229 comments,monaleeparis,2024-03-12T00:13:25+00:00
He thought that Oscar was on its way,https://old.reddit.com/r/BlackPeopleTwitter/comments/1bao8b5/he_thought_that_oscar_was_on_its_way/,"6,211 points",264 comments,keepityou,2024-03-09T18:17:35+00:00
Kimmel fires back at Trump criticism from Oscars stage: ‚ÄòIsn‚Äôt it past your jail time?‚Äô,https://old.reddit.com/r/AnythingGoesNews/comments/1bbto0i/kimmel_fires_back_at_trump_criticism_from_oscars/,"6,188 points",791 comments,keisteredcorncob,2024-03-11T03:31:49+00:00
Batman at the Oscar‚Äôs!,https://old.reddit.com/r/funny/comments/1bbr02r/batman_at_the_oscars/,"6,170 points",113 comments,Reefcups,2024-03-11T01:23:26+00:00
"Robert Downey Jr., after winning the OSCARS for the Best Supporting Actor",https://old.reddit.com/r/pics/comments/1bbr5uz/robert_downey_jr_after_winning_the_oscars_for_the/,"6,170 points",183 comments,Knight_TheRider,2024-03-11T01:31:16+00:00
The acceptance speech from the team of ‚Äò20 days in Mariupol‚Äô after winning Ukraine‚Äôs first Oscar,https://old.reddit.com/r/ukraine/comments/1bbr02o/the_acceptance_speech_from_the_team_of_20_days_in/,"6,064 points",107 comments,ibloodylovecider,2024-03-11T01:23:26+00:00
Martin Scorsese Enjoying Ryan Gosling‚Äôs ‚ÄúI‚Äôm Just Ken‚Äù Performance at the Oscars,https://old.reddit.com/r/Fauxmoi/comments/1bcig4e/martin_scorsese_enjoying_ryan_goslings_im_just/,"5,951 points",258 comments,hairtie1,2024-03-11T23:47:18+00:00
"Messi the Dog from movie ""Anatomy of a Fall"" at the OSCARS",https://old.reddit.com/r/pics/comments/1bbp1hg/messi_the_dog_from_movie_anatomy_of_a_fall_at_the/,"5,857 points",78 comments,Knight_TheRider,2024-03-10T23:52:31+00:00
Paul Giamatti wore In-N-Out cufflinks to the Oscars,https://old.reddit.com/r/pics/comments/1bcrn24/paul_giamatti_wore_innout_cufflinks_to_the_oscars/,"5,628 points",157 comments,DarkSideInRainbows,2024-03-12T07:47:54+00:00
I'm Just Ken performed by Ryan Gossling at the 2024 Oscars,https://old.reddit.com/r/videos/comments/1bbsjrm/im_just_ken_performed_by_ryan_gossling_at_the/,"5,589 points",644 comments,Davidred323,2024-03-11T02:38:14+00:00
Angelina Jolie made her red carpet debut as a designer with Suleika Jaouad‚Äôs 2024 Oscar dress,https://old.reddit.com/r/popculturechat/comments/1bcab6a/angelina_jolie_made_her_red_carpet_debut_as_a/,"5,586 points",284 comments,stars_doulikedem,2024-03-11T18:28:01+00:00
Pamela Anderson and son Brandon at the 2024 Vanity Fair Oscar Party,https://old.reddit.com/r/popculturechat/comments/1bbspn5/pamela_anderson_and_son_brandon_at_the_2024/,"5,476 points",317 comments,stars_doulikedem,2024-03-11T02:46:02+00:00
the simulation at it again,https://old.reddit.com/r/BikiniBottomTwitter/comments/1bcev1u/the_simulation_at_it_again/,"5,315 points",36 comments,SuckMyPenisReddit,2024-03-11T21:25:08+00:00
And the Oscar for biggest sore loser goes to...,https://old.reddit.com/r/WhitePeopleTwitter/comments/1bbrolb/and_the_oscar_for_biggest_sore_loser_goes_to/,"4,838 points",468 comments,yorocky89A,2024-03-11T01:56:19+00:00
America Ferrera in custom Versace and Billie Eilish at the 2024 Oscars,https://old.reddit.com/r/popculturechat/comments/1bbm7ba/america_ferrera_in_custom_versace_and_billie/,"4,720 points",209 comments,stars_doulikedem,2024-03-10T21:51:24+00:00
Bro got Ineos burned into his vision,https://old.reddit.com/r/formuladank/comments/1bc1t1r/bro_got_ineos_burned_into_his_vision/,"4,638 points",48 comments,Village_People_Cop,2024-03-11T12:17:49+00:00
"People on the Oscars red carpet showing support for Palestinians (via Artists for Ceasefire pins or Palestinian flags) , a gallery",https://old.reddit.com/r/Fauxmoi/comments/1bboo33/people_on_the_oscars_red_carpet_showing_support/,"4,635 points",172 comments,Gayfetus,2024-03-10T23:35:32+00:00
AITA for uninviting my friend from my Oscar party over a bottle of whisky?,https://old.reddit.com/r/AmItheAsshole/comments/1ba03qq/aita_for_uninviting_my_friend_from_my_oscar_party/,"4,635 points","1,754 comments",InternationalList333,2024-03-08T21:39:33+00:00
‚ÄòKillers of the Flower Moon‚Äô Is Martin Scorsese‚Äôs Third Film to Go 0-10 at the Oscars,https://old.reddit.com/r/entertainment/comments/1bcfoe8/killers_of_the_flower_moon_is_martin_scorseses/,"4,580 points",558 comments,ICumCoffee,2024-03-11T21:56:35+00:00
Muskrat is sad cause no one wants him.,https://old.reddit.com/r/WhitePeopleTwitter/comments/1bbuvaa/muskrat_is_sad_cause_no_one_wants_him/,"4,569 points",111 comments,EmptySpaceForAHeart,2024-03-11T04:35:21+00:00
"Congrats to Robert Downey Jr, the first SNL cast member to win an Oscar",https://old.reddit.com/r/LiveFromNewYork/comments/1bbq1sn/congrats_to_robert_downey_jr_the_first_snl_cast/,"4,323 points",226 comments,Careless-Economics-6,2024-03-11T00:38:27+00:00
Emma Stone finding out Poor Things won the Oscar for Makeup and Hairstyling,https://old.reddit.com/r/popculturechat/comments/1bbtwk1/emma_stone_finding_out_poor_things_won_the_oscar/,"4,274 points",119 comments,chestnutcheckers,2024-03-11T03:44:20+00:00
Lily Gladstone on Twitter,https://old.reddit.com/r/Fauxmoi/comments/1bcow42/lily_gladstone_on_twitter/,"4,104 points",57 comments,movieheads34,2024-03-12T04:50:38+00:00
EMMA STONE Wins OSCAR for BEST ACTRESS,https://old.reddit.com/r/oscarrace/comments/1bbs2ix/emma_stone_wins_oscar_for_best_actress/,"4,087 points",780 comments,PirateHunterxXx,2024-03-11T02:14:59+00:00
Robert Downey Jr. has come a long way.,https://old.reddit.com/r/interestingasfuck/comments/1bcwj7w/robert_downey_jr_has_come_a_long_way/,"7,402 points",311 comments,n8saces,2024-03-12T12:53:07+00:00
Have Jimmy Fallon killed,https://old.reddit.com/r/simpsonsshitposting/comments/1bc3pwo/have_jimmy_fallon_killed/,"3,226 points",114 comments,kkkan2020,2024-03-11T13:53:28+00:00
Robert Downey Jr. has won his first Oscar üèÜ,https://old.reddit.com/r/pics/comments/1bc0m6r/robert_downey_jr_has_won_his_first_oscar/,"1,991 points",110 comments,epk_oki,2024-03-11T11:06:00+00:00
Robert Downey Jr ignores Ke Huy Quan while accepting Oscar,https://old.reddit.com/r/Fauxmoi/comments/1bbzvk5/robert_downey_jr_ignores_ke_huy_quan_while/,"1,741 points",298 comments,Automatic-Software35,2024-03-11T10:17:52+00:00
Robert Downey Jr. when he reads Kevin Feige's congratulation text tonight,https://old.reddit.com/r/moviescirclejerk/comments/1bbqoia/robert_downey_jr_when_he_reads_kevin_feiges/,"1,737 points",57 comments,myfajahas400children,2024-03-11T01:08:01+00:00
Robert Downey Jr. Has No Plans to Slow Down After Winning an Oscar: More ‚ÄòTricks Up My Sleeve' (Exclusive),https://old.reddit.com/r/entertainment/comments/1bczoo8/robert_downey_jr_has_no_plans_to_slow_down_after/,"1,042 points",100 comments,mcfw31,2024-03-12T15:15:45+00:00
Finally Robert Downey Jr. gets what he has deserved for 30 years.,https://old.reddit.com/r/Oscars/comments/1bbq4v3/finally_robert_downey_jr_gets_what_he_has/,695 points,236 comments,RigatoniPasta,2024-03-11T00:42:25+00:00
Menswear! At the 2024 Vanity Fair Oscar Party,https://old.reddit.com/r/whatthefrockk/comments/1bcgxuq/menswear_at_the_2024_vanity_fair_oscar_party/,650 points,100 comments,mod_whatthefrockk,2024-03-11T22:46:07+00:00
"Robert Downey Jr. scrapes by Ryan Gosling for Obama! Anyways this is the last post in the series due to rule 3. o7 everyone, this was pretty fun.",https://old.reddit.com/r/Presidents/comments/1b95o7w/robert_downey_jr_scrapes_by_ryan_gosling_for/,634 points,124 comments,DysonEngineer,2024-03-07T21:17:08+00:00
Robert Downey Jr. Has won his First OscarüèÜ,https://old.reddit.com/r/ChikaPH/comments/1bbspbk/robert_downey_jr_has_won_his_first_oscar/,596 points,40 comments,Aphro07,2024-03-11T02:45:38+00:00
Congratulations to Robert Downey Jr. for his long overdue Oscar.,https://old.reddit.com/r/GenX/comments/1bbrqo8/congratulations_to_robert_downey_jr_for_his_long/,512 points,42 comments,PineappleRimjob,2024-03-11T01:59:10+00:00
"In honor of Robert Downey jr winning his first Oscar, what is your favorite film of his",https://old.reddit.com/r/moviecritic/comments/1bbutxm/in_honor_of_robert_downey_jr_winning_his_first/,426 points,393 comments,Inner_Character_8221,2024-03-11T04:33:14+00:00
Robert Downey Jr's speech for winning Best Supporting Actor,https://old.reddit.com/r/Oscars/comments/1bbqb97/robert_downey_jrs_speech_for_winning_best/,408 points,59 comments,shankmaster8000,2024-03-11T00:50:41+00:00
If RDJ wins tomorrow night he'll be the first SNL alum to bring home an Oscar?,https://old.reddit.com/r/LiveFromNewYork/comments/1bawm4l/if_rdj_wins_tomorrow_night_hell_be_the_first_snl/,380 points,202 comments,CallieCoven,2024-03-10T00:18:00+00:00
Robert Downey Jr. ignoring Ke Huy Quan who presented him with his Oscar,https://old.reddit.com/r/BroskiReport/comments/1bc6mwi/robert_downey_jr_ignoring_ke_huy_quan_who/,314 points,45 comments,Previous_Bluebird_69,2024-03-11T16:01:17+00:00
ROBERT DOWNEY JR. Wins OSCAR for BEST SUPPORTING ACTOR,https://old.reddit.com/r/oscarrace/comments/1bbq281/robert_downey_jr_wins_oscar_for_best_supporting/,308 points,59 comments,PirateHunterxXx,2024-03-11T00:39:02+00:00
It‚Äôs Hammonnnd!!,https://old.reddit.com/r/thegrandtour/comments/1bbrq24/its_hammonnnd/,294 points,23 comments,Weather_Only,2024-03-11T01:58:24+00:00
Johnny Depp posts a photoshopped image of him and Robert Downey Jr. on his Instagram story following RDJ‚Äôs Oscar win,https://old.reddit.com/r/popculturechat/comments/1bbx494/johnny_depp_posts_a_photoshopped_image_of_him_and/,259 points,91 comments,peachgothlover,2024-03-11T07:00:02+00:00
Former guest Robert Downey Jr is the heel king,https://old.reddit.com/r/JoeRogan/comments/1bch9rh/former_guest_robert_downey_jr_is_the_heel_king/,259 points,60 comments,Chadrasekar,2024-03-11T22:59:19+00:00
First Oscar for Robert Downey Jr.,https://old.reddit.com/r/ChikaPH/comments/1bbqqwt/first_oscar_for_robert_downey_jr/,253 points,3 comments,GlobalBreadfruit8832,2024-03-11T01:11:17+00:00
Robert Downey Jr. has become the first SNL cast member to win an Oscar.,https://old.reddit.com/r/LiveFromNewYork/comments/1bbq22z/robert_downey_jr_has_become_the_first_snl_cast/,213 points,42 comments,MoneyHungryOctopus,2024-03-11T00:38:51+00:00
What I‚Äôve learned after 1280 Days,https://old.reddit.com/r/stopdrinking/comments/1bc6yab/what_ive_learned_after_1280_days/,182 points,26 comments,MaybeFeeling,2024-03-11T16:13:55+00:00
"CONFIRMADO: Robert Downey Jr. interpretar√° Eduardo Cunha em nova s√©rie da Netflix, ‚ÄúO misericordioso‚Äù.",https://old.reddit.com/r/farialimabets/comments/1bcxjj0/confirmado_robert_downey_jr_interpretar√°_eduardo/,183 points,15 comments,PersonalityOver4426,2024-03-12T13:42:18+00:00
Robert Downey Jr‚Äôs Oscar speech,https://old.reddit.com/r/GenX/comments/1bc9eqm/robert_downey_jrs_oscar_speech/,175 points,29 comments,warrior_poet95834,2024-03-11T17:52:11+00:00
"Congratulations to Robert Downey Jr. For Winning the Best Supporting Actor Oscar for ""Oppenheimer""!",https://old.reddit.com/r/ChristopherNolan/comments/1bbq61j/congratulations_to_robert_downey_jr_for_winning/,157 points,8 comments,AmericanCitizen41,2024-03-11T00:43:57+00:00
Johnny Depp posts photoshopped photo with Robert Downey Junior on his instagram stories,https://old.reddit.com/r/DeppAnon/comments/1bbww67/johnny_depp_posts_photoshopped_photo_with_robert/,139 points,13 comments,woofkin,2024-03-11T06:43:39+00:00
We just want closure!,https://old.reddit.com/r/simpsonsshitposting/comments/1bcaxe1/we_just_want_closure/,136 points,16 comments,theusernameguy123,2024-03-11T18:52:52+00:00
"Rob Lowe, Sarah Jessica Parker, and Robert Downey Jr. at the Governors Ball after the 1988 Academy Awards.",https://old.reddit.com/r/OldSchoolCool/comments/1b8xtt3/rob_lowe_sarah_jessica_parker_and_robert_downey/,136 points,16 comments,zadraaa,2024-03-07T15:44:09+00:00
Robert Downey Jr's speech for winning Best Supporting Actor,https://old.reddit.com/r/OppenheimerMovie/comments/1bbqbz2/robert_downey_jrs_speech_for_winning_best/,128 points,4 comments,shankmaster8000,2024-03-11T00:51:38+00:00
Foi merecido o Oscar do Downey junior? particularmente Mark Ruffalo deveria levar a estatueta por pobres criaturas!,https://old.reddit.com/r/filmeseseries/comments/1bcjwvj/foi_merecido_o_oscar_do_downey_junior/,121 points,71 comments,Confident-Region-677,2024-03-12T00:51:13+00:00
Robert Downey JR ignoring Ke Huy Quan when accepting Oscar,https://old.reddit.com/r/AsianMasculinity/comments/1bcpkwi/robert_downey_jr_ignoring_ke_huy_quan_when/,118 points,54 comments,MrJTwhatchugotforme,2024-03-12T05:30:50+00:00
Robert Downey Jr Oscar,https://old.reddit.com/r/Oscars/comments/1bbq6zw/robert_downey_jr_oscar/,111 points,70 comments,Careful-Scientist-67,2024-03-11T00:45:11+00:00
Tom Hanson shout out at the Oscars!,https://old.reddit.com/r/ArmchairExpert/comments/1bbqy1y/tom_hanson_shout_out_at_the_oscars/,108 points,10 comments,Justice4BookGinny,2024-03-11T01:20:45+00:00
I‚Äôm so pissed that Asian are ignored by others,https://old.reddit.com/r/aznidentity/comments/1bd7ai2/im_so_pissed_that_asian_are_ignored_by_others/,83 points,19 comments,Routine-Method-711,2024-03-12T20:14:58+00:00
Robert Downey Jr. Becomes The First SNL Alumni To Win An Oscar!,https://old.reddit.com/r/Movie_Trivia/comments/1bc9z8k/robert_downey_jr_becomes_the_first_snl_alumni_to/,70 points,4 comments,ViewsOfCinema,2024-03-11T18:14:43+00:00
Oppenheimer. Nothing said but the deserving champion,https://old.reddit.com/r/oscarrace/comments/1bbsfo7/oppenheimer_nothing_said_but_the_deserving/,66 points,6 comments,Rleduc129,2024-03-11T02:32:51+00:00
Oppenheimer (2023) swept the Oscars with a Big Bang. This is a reference that apparently this is the only double entendre journalists will use now describing the film.,https://old.reddit.com/r/shittymoviedetails/comments/1bc71fq/oppenheimer_2023_swept_the_oscars_with_a_big_bang/,64 points,3 comments,Saturn_Ecplise,2024-03-11T16:17:30+00:00
"Robert Downey Jr, Anthony Michael Hall and Uma Thurman, 1987.",https://old.reddit.com/r/pics/comments/1bcdmwz/robert_downey_jr_anthony_michael_hall_and_uma/,64 points,6 comments,Nav_Blue_Coolant,2024-03-11T20:37:09+00:00
Robert Downey Jr. ignoring Ke Huy Quan who presented him with his Oscar,https://old.reddit.com/r/asian/comments/1bcic4h/robert_downey_jr_ignoring_ke_huy_quan_who/,57 points,17 comments,Josephjlu,2024-03-11T23:42:41+00:00
I made a physical home media version of my Oppenheimer fanedit. With a booklet too! See links inside!,https://old.reddit.com/r/fanedits/comments/1bb3y4p/i_made_a_physical_home_media_version_of_my/,57 points,32 comments,derekwkim,2024-03-10T06:50:42+00:00
Gen X at the Oscars...,https://old.reddit.com/r/GenX/comments/1bbrmhw/gen_x_at_the_oscars/,58 points,35 comments,The_Outsider27,2024-03-11T01:53:32+00:00
Bad edit,https://old.reddit.com/r/Ni_Bondha/comments/1baej9s/bad_edit/,53 points,19 comments,Tars-Fan,2024-03-09T10:12:14+00:00
Trading floor inside WTC 4 shown during Robert Downey Jr Wall Street documentary,https://old.reddit.com/r/911archive/comments/1b9606v/trading_floor_inside_wtc_4_shown_during_robert/,55 points,9 comments,hoyhoyy29,2024-03-07T21:30:22+00:00
CONGRATULATIONS!,https://old.reddit.com/r/ChristopherNolan/comments/1bbsp54/congratulations/,55 points,1 comment,Winter_Ad8660,2024-03-11T02:45:23+00:00
Robert Downey Jr. Wins Best Supporting Actor for 'Oppenheimer' | 96th Oscars (2024),https://old.reddit.com/r/popculturechat/comments/1bbqke3/robert_downey_jr_wins_best_supporting_actor_for/,50 points,12 comments,impeccabletim,2024-03-11T01:02:29+00:00
History Made üèÜ,https://old.reddit.com/r/LiveFromNewYork/comments/1bc1mw3/history_made/,49 points,1 comment,Mysterious-Moose-670,2024-03-11T12:08:12+00:00
Is Robert Downey Jr. Snubbing Ke Huy Quan or Are People Over-Analyzing?,https://old.reddit.com/r/AsianMasculinity/comments/1bd8o0u/is_robert_downey_jr_snubbing_ke_huy_quan_or_are/,46 points,35 comments,Ecstatic-Signal3556,2024-03-12T21:09:31+00:00
Finally!!,https://old.reddit.com/r/4kbluray/comments/1bbp4e9/finally/,44 points,13 comments,New-Ad157,2024-03-10T23:56:10+00:00
Rondo Dondo Jondo üò≠üò≠,https://old.reddit.com/r/Chiraqology/comments/1b93vq4/rondo_dondo_jondo/,39 points,2 comments,Fickle_Patient2224,2024-03-07T20:06:05+00:00
