title,url,points,comments,time,media_url
Nasser Hussain in Duckket's comments on Jaiswal's aggressive batting,https://old.reddit.com/r/Cricket/comments/1auxv4i/nasser_hussain_in_duckkets_comments_on_jaiswals/,"2,394 points",299 comments,2024-02-19T20:35:27+00:00,https://i.redd.it/f1lvqykrrljc1.jpeg
"RCB fans now go through 3 months of trauma instead of 2. Very well played, girls.",https://old.reddit.com/r/ipl/comments/1bbfwu6/rcb_fans_now_go_through_3_months_of_trauma/,"2,139 points",100 comments,2024-03-10T17:33:49+00:00,https://i.redd.it/qp57we7lljnc1.jpeg
Who is this ?,https://old.reddit.com/r/CricketShitpost/comments/1ay1e7g/who_is_this/,"1,914 points",290 comments,2024-02-23T14:12:00+00:00,https://i.redd.it/ziy5uvazeckc1.jpeg
"Mohammed Shami played the entire World Cup with the chronic heel issues and took injections so he could be there for India at the biggest stage, He'll miss the entire IPL now because he played the World Cup with injury",https://old.reddit.com/r/IndiaCricket/comments/1ax3a4s/mohammed_shami_played_the_entire_world_cup_with/,"1,830 points",138 comments,2024-02-22T10:29:29+00:00,https://i.redd.it/2aat3d1c64kc1.png
Scammed by Laser Hair Removal,https://old.reddit.com/r/Scams/comments/1bax4ne/scammed_by_laser_hair_removal/,"1,798 points",231 comments,2024-03-10T00:42:03+00:00,https://i.redd.it/3dcl7to2lenc1.jpeg
the unsung ipl hero,https://old.reddit.com/r/IndianDankMemes/comments/1ax66t4/the_unsung_ipl_hero/,"1,612 points",47 comments,2024-02-22T13:17:29+00:00,https://v.redd.it/5hnne1va05kc1
Hardik Pandya is back in the Mumbai Indians camp.,https://old.reddit.com/r/ipl/comments/1bc4iji/hardik_pandya_is_back_in_the_mumbai_indians_camp/,"1,496 points",113 comments,2024-03-11T14:29:36+00:00,https://v.redd.it/gci0l723tpnc1
Pat cummins breaks silence but only to recreate it.,https://old.reddit.com/r/CricketShitpost/comments/1b2pk3u/pat_cummins_breaks_silence_but_only_to_recreate_it/,"1,468 points",66 comments,2024-02-29T02:51:29+00:00,https://i.redd.it/00w84d42vflc1.jpeg
Breaking News,https://old.reddit.com/r/CricketShitpost/comments/1b58jcj/breaking_news/,"1,423 points",30 comments,2024-03-03T04:41:12+00:00,https://i.redd.it/02dujgqbt1mc1.jpeg
IPL 2013: When Ricky Ponting took an absolute stunner to dismiss Unmukt Chand off of Harbhajan Singh's delivery,https://old.reddit.com/r/ipl/comments/1aupi9l/ipl_2013_when_ricky_ponting_took_an_absolute/,"1,295 points",49 comments,2024-02-19T15:09:34+00:00,https://v.redd.it/o803aztl5kjc1
What's your biggest WHAT IF in IPL history? I'll start,https://old.reddit.com/r/ipl/comments/1aox2mf/whats_your_biggest_what_if_in_ipl_history_ill/,"1,283 points",101 comments,2024-02-12T10:34:20+00:00,https://v.redd.it/86vxschdt4ic1
IPL actually peaked here,https://old.reddit.com/r/CricketShitpost/comments/1b7zmxl/ipl_actually_peaked_here/,"1,187 points",99 comments,2024-03-06T13:25:54+00:00,https://v.redd.it/ibn2ogpltpmc1
"Early Prediction, GOOO!",https://old.reddit.com/r/ipl/comments/1b8r7n3/early_prediction_gooo/,"1,115 points",209 comments,2024-03-07T10:16:41+00:00,https://i.redd.it/8uytje4v0wmc1.jpeg
Imagine this happening to Kohli in IPL.,https://old.reddit.com/r/CricketShitpost/comments/1b70p24/imagine_this_happening_to_kohli_in_ipl/,"1,035 points",95 comments,2024-03-05T08:49:47+00:00,https://v.redd.it/vnvn8qs3bhmc1
Peak clownery,https://old.reddit.com/r/CricketShitpost/comments/1b17pym/peak_clownery/,929 points,140 comments,2024-02-27T09:20:27+00:00,https://i.redd.it/z0i10elmi3lc1.png
"Hi I am MS Dhoni, Five Time IPL Champion and Two times world champion. Please Ask you questions below",https://old.reddit.com/r/CricketShitpost/comments/1b11m53/hi_i_am_ms_dhoni_five_time_ipl_champion_and_two/,877 points,240 comments,2024-02-27T03:22:55+00:00,https://i.redd.it/4yn1wjauq1lc1.jpeg
Shane warne bowled'em virat kohli in his ipl match.,https://old.reddit.com/r/DeathrattlePorn/comments/1b5zyoc/shane_warne_bowledem_virat_kohli_in_his_ipl_match/,872 points,30 comments,2024-03-04T02:50:45+00:00,https://v.redd.it/sk4kp9bke8mc1
Just learnt this today: Akmal > Kohli,https://old.reddit.com/r/CricketShitpost/comments/1ap2t54/just_learnt_this_today_akmal_kohli/,837 points,34 comments,2024-02-12T15:39:11+00:00,https://i.redd.it/i5f10ks9c6ic1.png
"Dhoni's powerful hitting secured victory for CSK, needing 16 runs off 4 balls.",https://old.reddit.com/r/ipl/comments/1b7rlh0/dhonis_powerful_hitting_secured_victory_for_csk/,839 points,60 comments,2024-03-06T05:16:52+00:00,https://v.redd.it/kk2r2bqfenmc1
33 sixes were hit in the CSK vs RCB match in 2018 (Joint-most in an IPL match),https://old.reddit.com/r/ipl/comments/1b8jbrg/33_sixes_were_hit_in_the_csk_vs_rcb_match_in_2018/,835 points,52 comments,2024-03-07T02:49:02+00:00,https://v.redd.it/6sm6wnmystmc1
Bro won against kohlistans.,https://old.reddit.com/r/CricketShitpost/comments/1bb68ll/bro_won_against_kohlistans/,781 points,113 comments,2024-03-10T09:20:27+00:00,https://i.redd.it/e7ws3odk5hnc1.jpeg
Sachi sachi bato tum se kon tha,https://old.reddit.com/r/JEENEETards/comments/1arhg4p/sachi_sachi_bato_tum_se_kon_tha/,775 points,131 comments,2024-02-15T15:04:40+00:00,https://i.redd.it/sk5a98p3lric1.jpeg
Bheim ki Shakti in IPL,https://old.reddit.com/r/indianmemer/comments/1avlucx/bheim_ki_shakti_in_ipl/,765 points,223 comments,2024-02-20T16:29:50+00:00,https://v.redd.it/qlvf58buorjc1
Brendon McCullum scores 158* in the very first IPL match,https://old.reddit.com/r/ipl/comments/1b28p9m/brendon_mccullum_scores_158_in_the_very_first_ipl/,703 points,69 comments,2024-02-28T15:28:13+00:00,https://v.redd.it/se6lkn3xgclc1
Bumrah last 3 over spell vs RCB 2019,https://old.reddit.com/r/ipl/comments/1anyo30/bumrah_last_3_over_spell_vs_rcb_2019/,688 points,38 comments,2024-02-11T03:43:51+00:00,https://v.redd.it/9mflw1pynvhc1
Csk cookedüî•,https://old.reddit.com/r/ipl/comments/1b7asg6/csk_cooked/,661 points,22 comments,2024-03-05T17:19:43+00:00,https://v.redd.it/bct8179iujmc1
Better then IPL,https://old.reddit.com/r/desimemes/comments/1b1zrxu/better_then_ipl/,664 points,39 comments,2024-02-28T06:59:34+00:00,https://v.redd.it/sbvuuze9y9lc1
NO wonder players our exhausted,https://old.reddit.com/r/IndiaCricket/comments/1b7b0wf/no_wonder_players_our_exhausted/,658 points,113 comments,2024-03-05T17:28:52+00:00,https://i.redd.it/b6w2oyb5wjmc1.jpeg
Gayle hits the highest six I've ever seen vs Delhi,https://old.reddit.com/r/ipl/comments/1av9aop/gayle_hits_the_highest_six_ive_ever_seen_vs_delhi/,654 points,22 comments,2024-02-20T04:56:08+00:00,https://v.redd.it/sh7up3g39ojc1
Everything was for PR perhaps,https://old.reddit.com/r/bollywoodmemes/comments/1b9tudi/everything_was_for_pr_perhaps/,651 points,56 comments,2024-03-08T17:31:10+00:00,https://i.redd.it/ncyrq8hab5nc1.jpeg
Before/After Legs 6 months of IPL,https://old.reddit.com/r/HairRemoval/comments/1avm7u5/beforeafter_legs_6_months_of_ipl/,649 points,132 comments,2024-02-20T16:44:33+00:00,https://www.reddit.com/gallery/1avm7u5
RINKU for a reason,https://old.reddit.com/r/ipl/comments/1b6b0q0/rinku_for_a_reason/,635 points,31 comments,2024-03-04T13:34:57+00:00,https://i.redd.it/e5vhze5ilbmc1.jpeg
IPL Scorecard Graphics,https://old.reddit.com/r/CricketShitpost/comments/1b8kj0f/ipl_scorecard_graphics/,629 points,22 comments,2024-03-07T03:44:58+00:00,https://v.redd.it/jmxt174z2umc1
Harpreet Bhatia and Sam Curran brutally kill off(likely) Tendulkar's IPL career with 31 run over,https://old.reddit.com/r/ipl/comments/1asza8p/harpreet_bhatia_and_sam_curran_brutally_kill/,623 points,44 comments,2024-02-17T10:50:11+00:00,https://v.redd.it/uopc6ibgl4jc1
One of the best slip catches in IPL,https://old.reddit.com/r/ipl/comments/1b8xar1/one_of_the_best_slip_catches_in_ipl/,598 points,39 comments,2024-03-07T15:23:02+00:00,https://v.redd.it/0t9u634ijxmc1
"Brohit moment in test ""doesn't bowl no balls in IPL, but putting them all here. No ball""",https://old.reddit.com/r/ipl/comments/1as7qtn/brohit_moment_in_test_doesnt_bowl_no_balls_in_ipl/,592 points,12 comments,2024-02-16T12:46:26+00:00,https://v.redd.it/krhazo2c1yic1
Kartik Tyagi successfully defends 4 runs off the last over vs PBKS,https://old.reddit.com/r/ipl/comments/1axe4t8/kartik_tyagi_successfully_defends_4_runs_off_the/,583 points,38 comments,2024-02-22T18:44:52+00:00,https://v.redd.it/hhfkfnjom6kc1
Ben Cutting flips the script upside down to make RCB's fairy tale into a nightmare,https://old.reddit.com/r/ipl/comments/1b1cgdh/ben_cutting_flips_the_script_upside_down_to_make/,578 points,56 comments,2024-02-27T13:57:34+00:00,https://v.redd.it/wqdkzzw1w4lc1
Shamar Joseph joins Lucknow Super Giants as Mark Wood's replacement,https://old.reddit.com/r/ipl/comments/1aneqo8/shamar_joseph_joins_lucknow_super_giants_as_mark/,574 points,51 comments,2024-02-10T11:57:40+00:00,https://www.espncricinfo.com/story/ipl-2024-shamar-joseph-joins-lucknow-super-giants-as-mark-woods-replacement-1420604?platform=amp
ü§°ü§°ü§°,https://old.reddit.com/r/CricketShitpost/comments/1b81iyt/_/,577 points,37 comments,2024-03-06T14:48:38+00:00,https://i.redd.it/o4guhiu88qmc1.jpeg
Last over of IPL 2017 Final | Will miss Rohit's captaincy this season :(,https://old.reddit.com/r/ipl/comments/1bbc7t9/last_over_of_ipl_2017_final_will_miss_rohits/,575 points,52 comments,2024-03-10T14:56:44+00:00,https://v.redd.it/xqbwvj3atinc1
"Unfortunately, he‚Äôll warm the bench in the IPL",https://old.reddit.com/r/CricketShitpost/comments/1b5afiq/unfortunately_hell_warm_the_bench_in_the_ipl/,572 points,29 comments,2024-03-03T06:29:46+00:00,https://i.redd.it/icsqwscqc2mc1.jpeg
Sunil Gavaskar's cheeky remark on Virat Kohli's absence from international cricket.,https://old.reddit.com/r/IndiaCricket/comments/1b15vo5/sunil_gavaskars_cheeky_remark_on_virat_kohlis/,565 points,217 comments,2024-02-27T07:15:49+00:00,https://i.redd.it/aexrcidew2lc1.png
bESt DeATh BoWlIng SAaR ü§°,https://old.reddit.com/r/ipl/comments/1ayx2fk/best_death_bowling_saar/,569 points,95 comments,2024-02-24T15:24:05+00:00,https://v.redd.it/mfm5bwfrwjkc1
Remarkable Kohli run out by Bravo,https://old.reddit.com/r/ipl/comments/1b3ntex/remarkable_kohli_run_out_by_bravo/,551 points,26 comments,2024-03-01T06:44:41+00:00,https://v.redd.it/rc7rscbk5olc1
CHAMPION üèÜ,https://old.reddit.com/r/KolkataKnightRiders/comments/1b132ha/champion/,553 points,33 comments,2024-02-27T04:36:26+00:00,https://v.redd.it/wvsngl8y32lc1
"""You can rest in the IPL if you want"" - Aakash Chopra says Jasprit Bumrah shouldn't be given a break during the IND vs ENG Test series",https://old.reddit.com/r/Cricket/comments/1anachs/you_can_rest_in_the_ipl_if_you_want_aakash_chopra/,545 points,214 comments,2024-02-10T06:55:19+00:00,https://www.sportskeeda.com/cricket/news-you-can-rest-ipl-want-aakash-chopra-says-jasprit-bumrah-given-break-ind-vs-eng-test-series
IPL 2024 schedule for the first 21 matches.,https://old.reddit.com/r/ipl/comments/1ax4twp/ipl_2024_schedule_for_the_first_21_matches/,551 points,103 comments,2024-02-22T12:04:46+00:00,https://i.redd.it/pio61kddn4kc1.jpeg
Who remembers this cake cutting ceremony after the Eden Gardens 49/10 masterclass.,https://old.reddit.com/r/ipl/comments/1ayvbpq/who_remembers_this_cake_cutting_ceremony_after/,544 points,22 comments,2024-02-24T14:06:26+00:00,https://i.redd.it/66y87r0xijkc1.jpeg
"""Saala ipl mein dalta nahi no ball yaha daal raha no ball"" Rohit sharma",https://old.reddit.com/r/IndiaCricket/comments/1as62bf/saala_ipl_mein_dalta_nahi_no_ball_yaha_daal_raha/,542 points,26 comments,2024-02-16T11:10:03+00:00,https://v.redd.it/xvbcn345kxic1
Maliga vs Watson,https://old.reddit.com/r/ipl/comments/1arza9b/maliga_vs_watson/,545 points,25 comments,2024-02-16T03:59:22+00:00,https://v.redd.it/yjmll0w9fvic1
Trent Boult's extraordinary boundary catch,https://old.reddit.com/r/ipl/comments/1b4fz5v/trent_boults_extraordinary_boundary_catch/,534 points,31 comments,2024-03-02T04:56:02+00:00,https://v.redd.it/roll0ag1rulc1
Dushmantha Chameera will join KKR at a reserve price of INR 50 Lakh,https://old.reddit.com/r/ipl/comments/1aulje8/dushmantha_chameera_will_join_kkr_at_a_reserve/,533 points,18 comments,2024-02-19T11:53:37+00:00,https://i.redd.it/3cv7ebyn6jjc1.jpeg
Punjab kings‚ùå KXIP‚úÖ,https://old.reddit.com/r/ipl/comments/1b149fh/punjab_kings_kxip/,530 points,58 comments,2024-02-27T05:41:25+00:00,https://v.redd.it/wf2a7iqif2lc1
M.S Dhoni's 64 off 32 against KXIP in 2016 IPL,https://old.reddit.com/r/ipl/comments/1b3whxc/ms_dhonis_64_off_32_against_kxip_in_2016_ipl/,532 points,28 comments,2024-03-01T15:07:45+00:00,https://v.redd.it/4x13d7l6nqlc1
Why should kkr have all the fun,https://old.reddit.com/r/ipl/comments/1ayykh4/why_should_kkr_have_all_the_fun/,532 points,68 comments,2024-02-24T16:26:57+00:00,https://v.redd.it/zhwivhit7kkc1
Ajinkya Rahane's all sixes of IPL 2023üí•,https://old.reddit.com/r/ipl/comments/1aqw04t/ajinkya_rahanes_all_sixes_of_ipl_2023/,531 points,31 comments,2024-02-14T19:50:28+00:00,https://v.redd.it/104xzpe6vlic1
"Seriously want to know, WHY????",https://old.reddit.com/r/ipl/comments/1aoumrm/seriously_want_to_know_why/,534 points,63 comments,2024-02-12T07:38:52+00:00,https://v.redd.it/hcnh6vrty3ic1
"Sun damage on lips, looking for correction and prevention recs",https://old.reddit.com/r/30PlusSkinCare/comments/1b9nyqa/sun_damage_on_lips_looking_for_correction_and/,528 points,50 comments,2024-03-08T13:30:23+00:00,https://i.redd.it/gpe68y5c44nc1.jpeg
AB De Villiers hits a 6's against steyn gun,https://old.reddit.com/r/ipl/comments/1assejj/ab_de_villiers_hits_a_6s_against_steyn_gun/,525 points,13 comments,2024-02-17T03:42:27+00:00,https://v.redd.it/d11fy2i7h2jc1
IPL PROMO FOR 2024,https://old.reddit.com/r/ipl/comments/1b58qm4/ipl_promo_for_2024/,523 points,81 comments,2024-03-03T04:52:13+00:00,https://v.redd.it/0wokuumbv1mc1
Bheim ki Shakti in IPL,https://old.reddit.com/r/dankrishu/comments/1avlttj/bheim_ki_shakti_in_ipl/,529 points,37 comments,2024-02-20T16:29:14+00:00,https://v.redd.it/r245qb1porjc1
IPL Chairman confirms that there will be a Mega Auction ahead of IPL 2025. BIG FOR ALL FRANCHISES,https://old.reddit.com/r/ipl/comments/1bakj64/ipl_chairman_confirms_that_there_will_be_a_mega/,523 points,165 comments,2024-03-09T15:41:21+00:00,https://i.redd.it/vn0djh4mwbnc1.jpeg
Agree?,https://old.reddit.com/r/ipl/comments/1b6xr9a/agree/,524 points,35 comments,2024-03-05T05:41:05+00:00,https://i.redd.it/i7ere6avdgmc1.jpeg
Shots fired !,https://old.reddit.com/r/ipl/comments/1b9o7b5/shots_fired/,511 points,29 comments,2024-03-08T13:42:01+00:00,https://v.redd.it/fghn2efd64nc1
Chris lynn and Sunil Narine 105-0 in powerplay against RCB,https://old.reddit.com/r/ipl/comments/1b8rx5r/chris_lynn_and_sunil_narine_1050_in_powerplay/,510 points,54 comments,2024-03-07T11:00:40+00:00,https://v.redd.it/fgnd285p8wmc1
Happy Birthday ab de Villiers,https://old.reddit.com/r/CricketShitpost/comments/1aswma4/happy_birthday_ab_de_villiers/,508 points,42 comments,2024-02-17T07:49:57+00:00,https://i.redd.it/9vub5t5dp3jc1.jpeg
"Brohit moment in test ""doesn't bowl no balls in IPL, but putting them all here. No ball """,https://old.reddit.com/r/CricketShitpost/comments/1as68wa/brohit_moment_in_test_doesnt_bowl_no_balls_in_ipl/,500 points,16 comments,2024-02-16T11:21:01+00:00,https://v.redd.it/xdec9lg3mxic1
Life was good when we used to take IPL Schedule cut-outs from the newspaper.,https://old.reddit.com/r/ipl/comments/1b9ujsx/life_was_good_when_we_used_to_take_ipl_schedule/,499 points,19 comments,2024-03-08T17:58:52+00:00,https://i.redd.it/9a35rc0ff5nc1.png
Pat Cummins 56* off 15 balls that won KKR the game,https://old.reddit.com/r/ipl/comments/1bbf54c/pat_cummins_56_off_15_balls_that_won_kkr_the_game/,492 points,40 comments,2024-03-10T17:01:37+00:00,https://v.redd.it/6enp6cmrfjnc1
The second best regular season IPL match of all time. The double super over between Punjab and Mumbai,https://old.reddit.com/r/ipl/comments/1b82wj0/the_second_best_regular_season_ipl_match_of_all/,480 points,57 comments,2024-03-06T15:44:56+00:00,https://v.redd.it/nbvegb5iiqmc1
Rajasthan Royals (15 seasons) and Punjab Kings (17 seasons) haven't featured in any of IPL season openers,https://old.reddit.com/r/ipl/comments/1ayniip/rajasthan_royals_15_seasons_and_punjab_kings_17/,475 points,91 comments,2024-02-24T06:14:22+00:00,https://i.redd.it/0we4akgn6hkc1.png
Ms Dhoni vs Umesh Yadav Ipl 2019,https://old.reddit.com/r/ipl/comments/1baq6h1/ms_dhoni_vs_umesh_yadav_ipl_2019/,471 points,53 comments,2024-03-09T19:40:28+00:00,https://v.redd.it/66jyldx73dnc1
Prasidh Krishna and Mohammed Shami has been ruled out of IPL 2024,https://old.reddit.com/r/ipl/comments/1bcr3nv/prasidh_krishna_and_mohammed_shami_has_been_ruled/,480 points,54 comments,2024-03-12T07:10:10+00:00,https://i.redd.it/mlhemhd5sunc1.jpeg
Nortje vs Buttler,https://old.reddit.com/r/ipl/comments/1apsocf/nortje_vs_buttler/,459 points,14 comments,2024-02-13T12:48:54+00:00,https://v.redd.it/ys3cpqn1ncic1
DJ Bravo looks unhappy,https://old.reddit.com/r/ipl/comments/1atusj2/dj_bravo_looks_unhappy/,454 points,91 comments,2024-02-18T14:03:39+00:00,https://i.redd.it/vooktwvxocjc1.jpeg
IPL in parallel universe,https://old.reddit.com/r/ipl/comments/1b1xqgm/ipl_in_parallel_universe/,440 points,49 comments,2024-02-28T05:02:20+00:00,https://v.redd.it/tngkqmtgd9lc1
Wild Thoughts for T20WC 2024,https://old.reddit.com/r/CricketShitpost/comments/1b3r948/wild_thoughts_for_t20wc_2024/,437 points,107 comments,2024-03-01T10:37:23+00:00,https://i.redd.it/gp3zsf73bplc1.jpeg
IPL month is here babes,https://old.reddit.com/r/CricketShitpost/comments/1b9op35/ipl_month_is_here_babes/,440 points,29 comments,2024-03-08T14:03:54+00:00,https://v.redd.it/7l3d8y97a4nc1
BCCI considering matching red-ball fee with IPL remuneration,https://old.reddit.com/r/Cricket/comments/1b2w1ce/bcci_considering_matching_redball_fee_with_ipl/,430 points,116 comments,2024-02-29T09:06:07+00:00,https://timesofindia.indiatimes.com/sports/cricket/news/bcci-considering-matching-red-ball-fee-with-ipl-remuneration/articleshow/108088014.cms
The famous Starc vs Pollard Confrontation,https://old.reddit.com/r/ipl/comments/1ay38s7/the_famous_starc_vs_pollard_confrontation/,431 points,17 comments,2024-02-23T15:28:45+00:00,https://v.redd.it/yw1q73yosckc1
Most runs against each ipl team:,https://old.reddit.com/r/ipl/comments/1b9lmb6/most_runs_against_each_ipl_team/,436 points,66 comments,2024-03-08T11:18:01+00:00,https://i.redd.it/bxdkcjupg3nc1.png
True ASF,https://old.reddit.com/r/ipl/comments/1bbvm6b/true_asf/,430 points,78 comments,2024-03-11T05:18:52+00:00,https://i.redd.it/92r4zqkd3nnc1.jpeg
Thoughts?,https://old.reddit.com/r/IndiaCricket/comments/1b2vq8w/thoughts/,431 points,118 comments,2024-02-29T08:44:39+00:00,https://i.redd.it/cxhh3i82mhlc1.png
Throwback to when Rohit pulled off a memorable win.,https://old.reddit.com/r/ipl/comments/1b4kx88/throwback_to_when_rohit_pulled_off_a_memorable_win/,431 points,30 comments,2024-03-02T10:05:09+00:00,https://v.redd.it/2iri98c4awlc1
Chris lynn's amazing catch which sealed the match for KKR,https://old.reddit.com/r/ipl/comments/1b57ye9/chris_lynns_amazing_catch_which_sealed_the_match/,428 points,38 comments,2024-03-03T04:09:59+00:00,https://v.redd.it/0w85zvksn1mc1
Sunrisers Hyderabad reveal their Jersey for IPL 2024,https://old.reddit.com/r/Cricket/comments/1b8t8jg/sunrisers_hyderabad_reveal_their_jersey_for_ipl/,424 points,132 comments,2024-03-07T12:17:14+00:00,https://i.redd.it/fdrcx2hdmwmc1.jpeg
Raza surgically chases 9 off the last over including a 3 on the last ball to make it 4 wins in 4 for pbks against csk,https://old.reddit.com/r/ipl/comments/1awbs1i/raza_surgically_chases_9_off_the_last_over/,429 points,38 comments,2024-02-21T13:15:45+00:00,https://v.redd.it/0lobep25vxjc1
Schedule for the first 21 matches of IPL 2024 has been announced.,https://old.reddit.com/r/Cricket/comments/1ax4tvf/schedule_for_the_first_21_matches_of_ipl_2024_has/,423 points,147 comments,2024-02-22T12:04:42+00:00,https://i.redd.it/mgnudvhdn4kc1.jpeg
Most 60+ Scores in IPL,https://old.reddit.com/r/ipl/comments/1an60xu/most_60_scores_in_ipl/,417 points,47 comments,2024-02-10T02:46:15+00:00,https://i.redd.it/i43427xs8ohc1.jpeg
Gonna say nothing,https://old.reddit.com/r/ipl/comments/1b08jvt/gonna_say_nothing/,416 points,58 comments,2024-02-26T04:18:14+00:00,https://v.redd.it/6xwkw4prvukc1
MS Dhoni completed 16 years with Chennai Super Kings,https://old.reddit.com/r/ipl/comments/1avapbx/ms_dhoni_completed_16_years_with_chennai_super/,415 points,35 comments,2024-02-20T06:16:03+00:00,https://v.redd.it/t2m54ihcnojc1
Most M.O.M won for a SINGLE team,https://old.reddit.com/r/ipl/comments/1baf00i/most_mom_won_for_a_single_team/,420 points,59 comments,2024-03-09T10:44:09+00:00,https://i.redd.it/565i0n2lfanc1.png
Watching IPL from start for first time and this team looks good hope they win,https://old.reddit.com/r/CricketShitpost/comments/1bc8050/watching_ipl_from_start_for_first_time_and_this/,411 points,34 comments,2024-03-11T16:55:52+00:00,https://i.redd.it/6m5fvlgqjqnc1.jpeg
Hats off to this guy,https://old.reddit.com/r/IndiaCricket/comments/1ax75pk/hats_off_to_this_guy/,405 points,26 comments,2024-02-22T14:04:31+00:00,https://i.redd.it/zyobp6mq85kc1.jpeg
Aakash Chopra wants Hardik Pandya to be booed in Ahmedabad during the Gt v Mi match on March 24th.,https://old.reddit.com/r/ipl/comments/1axssl3/aakash_chopra_wants_hardik_pandya_to_be_booed_in/,406 points,122 comments,2024-02-23T05:33:05+00:00,https://i.redd.it/60g31vceu9kc1.jpeg
MS Dhoni's experience in IPL as captain,https://old.reddit.com/r/ipl/comments/1b58e54/ms_dhonis_experience_in_ipl_as_captain/,397 points,21 comments,2024-03-03T04:33:25+00:00,https://i.redd.it/ro67ltupr1mc1.jpeg
SKILLFUL BATTER EVER! MR.360 A B de Villiers,https://old.reddit.com/r/ipl/comments/1asxgr9/skillful_batter_ever_mr360_a_b_de_villiers/,398 points,13 comments,2024-02-17T08:46:44+00:00,https://v.redd.it/q5yh3gqgz3jc1
This will be the future of IPL,https://old.reddit.com/r/ipl/comments/1ar79kz/this_will_be_the_future_of_ipl/,394 points,49 comments,2024-02-15T04:36:06+00:00,https://i.redd.it/rhwj5jisgoic1.png
Orange cap winners over the years:,https://old.reddit.com/r/ipl/comments/1b805vy/orange_cap_winners_over_the_years/,391 points,58 comments,2024-03-06T13:50:11+00:00,https://i.redd.it/w0ssvql1ypmc1.jpeg
Dinesh Karthik set to end IPL career after 2024 season,https://old.reddit.com/r/Cricket/comments/1b8npgy/dinesh_karthik_set_to_end_ipl_career_after_2024/,389 points,73 comments,2024-03-07T06:32:18+00:00,https://www.espncricinfo.com/story/dinesh-karthik-set-to-end-ipl-career-after-2024-season-1423798
The Star Trek,https://old.reddit.com/r/startrekmemes/comments/1b8286k/the_star_trek/,393 points,18 comments,2024-03-06T15:17:08+00:00,https://i.redd.it/pzg3cd6kdqmc1.jpeg
Injured Indian Cricketers showing up to the IPL just in time and getting a place in the Indian squad after IPL for an ICC tournament only to get injured again in the middle of the tournament,https://old.reddit.com/r/CricketShitpost/comments/1b1cscz/injured_indian_cricketers_showing_up_to_the_ipl/,390 points,24 comments,2024-02-27T14:12:10+00:00,https://v.redd.it/9vkag8vny4lc1
Table toppers of every year,https://old.reddit.com/r/ipl/comments/1bb76f0/table_toppers_of_every_year/,386 points,47 comments,2024-03-10T10:22:24+00:00,https://i.redd.it/4runxaamghnc1.jpeg
Pathirana in stellar form ahead of IPL 2024,https://old.reddit.com/r/csk/comments/1at6pj8/pathirana_in_stellar_form_ahead_of_ipl_2024/,385 points,29 comments,2024-02-17T17:06:04+00:00,https://i.redd.it/w7bkdc8lg6jc1.jpeg
Jaddu's 37 Runs against RCB in IPL 2021,https://old.reddit.com/r/ipl/comments/1axl6al/jaddus_37_runs_against_rcb_in_ipl_2021/,385 points,34 comments,2024-02-22T23:23:50+00:00,https://v.redd.it/k1gdi9zg08kc1
Really wish they do a major comeback and win üòÉ,https://old.reddit.com/r/CricketShitpost/comments/1b09u6m/really_wish_they_do_a_major_comeback_and_win/,384 points,35 comments,2024-02-26T05:30:29+00:00,https://i.redd.it/a2rpql5o8vkc1.png
What changes would you like to see in IPL?,https://old.reddit.com/r/ipl/comments/1b2su5d/what_changes_would_you_like_to_see_in_ipl/,373 points,93 comments,2024-02-29T05:41:34+00:00,https://i.redd.it/cjujnkgcpglc1.png
Mohammed Shami ruled out of IPL 2024 as he is set to undergo ankle surgery in London,https://old.reddit.com/r/IndiaCricket/comments/1ax26zx/mohammed_shami_ruled_out_of_ipl_2024_as_he_is_set/,375 points,39 comments,2024-02-22T09:16:40+00:00,https://i.redd.it/b458xw8et3kc1.jpeg
One of the greatest opener for CSK,https://old.reddit.com/r/ipl/comments/1b2sfc2/one_of_the_greatest_opener_for_csk/,381 points,35 comments,2024-02-29T05:18:36+00:00,https://v.redd.it/muho52r9lglc1
Just In : Mohammad Shami ruled out of IPL 2024. He was the Purple Cap winner of IPL 2023 with most wickets,https://old.reddit.com/r/ipl/comments/1ax22at/just_in_mohammad_shami_ruled_out_of_ipl_2024_he/,376 points,51 comments,2024-02-22T09:07:33+00:00,https://i.redd.it/zxtjb78rr3kc1.png
"Someone rightly said, ""Stats are like bikinis. What they reveal is interesting, but what they hide is vital.""",https://old.reddit.com/r/ipl/comments/1bcsz9o/someone_rightly_said_stats_are_like_bikinis_what/,385 points,112 comments,2024-03-12T09:21:56+00:00,https://i.redd.it/30cqd8infvnc1.jpeg
"IPL 2019: On most days, 23 off 21 with 7 wickets in hand is a cakewalk. Not for Punter's Capitals on Apr 1st. All out scoring just 8 runs in the next 17 balls. Proper Fool's Day prank by DC team on their fans! Has there been a bigger collapse than this in the IPL?",https://old.reddit.com/r/ipl/comments/1ba8i83/ipl_2019_on_most_days_23_off_21_with_7_wickets_in/,368 points,29 comments,2024-03-09T04:01:06+00:00,https://v.redd.it/6iyqwafff8nc1
Title ko CSK jaisa comeback chahiye,https://old.reddit.com/r/ipl/comments/1aoc4g9/title_ko_csk_jaisa_comeback_chahiye/,366 points,16 comments,2024-02-11T16:37:46+00:00,https://v.redd.it/vf30lll1izhc1
Jadeja to Maxwell ( in IPL),https://old.reddit.com/r/DeathrattlePorn/comments/1b68x2x/jadeja_to_maxwell_in_ipl/,370 points,4 comments,2024-03-04T11:43:08+00:00,https://v.redd.it/wvjq61fg1bmc1
HERE IT IS - The All Time IPL Record for each Team,https://old.reddit.com/r/ipl/comments/1apqz4b/here_it_is_the_all_time_ipl_record_for_each_team/,365 points,57 comments,2024-02-13T11:09:30+00:00,https://i.redd.it/7e3206s25cic1.jpeg
Most times restricting the opponent to under 100,https://old.reddit.com/r/ipl/comments/1bbfukw/most_times_restricting_the_opponent_to_under_100/,361 points,36 comments,2024-03-10T17:31:11+00:00,https://i.redd.it/hr83n8e4ljnc1.jpeg
Possibly the best and most important run out in IPL history. Captain George Bailey pulls a rabbit out of his hat to get out a rampaging Raina and secure PBKS first ever final.,https://old.reddit.com/r/ipl/comments/1awxj8p/possibly_the_best_and_most_important_run_out_in/,358 points,35 comments,2024-02-22T04:33:29+00:00,https://v.redd.it/dyh69kjve2kc1
CUMMINS defeating Thala in IPL 2024 Final,https://old.reddit.com/r/CricketShitpost/comments/1b8183k/cummins_defeating_thala_in_ipl_2024_final/,354 points,45 comments,2024-03-06T14:36:09+00:00,https://v.redd.it/b3v0bbq86qmc1
No of centuries by each ipl captain(intl),https://old.reddit.com/r/ipl/comments/1b72azr/no_of_centuries_by_each_ipl_captainintl/,357 points,56 comments,2024-03-05T10:41:56+00:00,https://i.redd.it/24tv49njvhmc1.jpeg
Looks like this ad will be relevant again after 5 years,https://old.reddit.com/r/ipl/comments/1ax8hto/looks_like_this_ad_will_be_relevant_again_after_5/,350 points,22 comments,2024-02-22T15:02:37+00:00,https://v.redd.it/1ymnlds3j5kc1
Kondom √∂l√ß√ºleri ile alakalƒ± bilgiler ve kondom se√ßimi.,https://old.reddit.com/r/KGBTR/comments/1b0ng5m/kondom_√∂l√ß√ºleri_ile_alakalƒ±_bilgiler_ve_kondom/,344 points,114 comments,2024-02-26T17:37:53+00:00,https://i.redd.it/95ooswuguykc1.jpeg
